key,source,Translation
Key,Rando02_RAW-0000-Alta,
English_US,"Hello, welcome to {{Wanderstop}}. It's a tea shop.",
Description,,
French,"Bonjour, bienvenue chez {{Wanderstop}}. C'est un salon de thé.",
Italian,"Un cordiale benvenuto a {{Wanderstop}}, la bottega del tè.",
German,"Hallo, willkommen bei {{Wanderstop}}. Ein Teeladen.",
Spanish_Spain,Te doy la bienvenida a {{Wanderstop}}. Es una tienda de té.,
Spanish_LATAM,"¡Hola! Esto es {{Wanderstop}}, una tienda de té.",
Korean,{{Wanderstop}}에 오신 것을 환영합니다. 여긴 찻집이에요.,
Russian,,
Japanese,ティーハウス、{{ワンダーストップ}}へようこそ。,
Portuguese_Brazil,"Olá, boas-vindas à {{Wanderstop}}. É uma casa de chá.",
Chinese_Simplified,你好，欢迎光临{{Wanderstop}}。这里是家茶馆。,
Chinese_Traditional,你好，歡迎來到{{Wanderstop}}。這是一間茶屋。,
Polish,,
Turkish,,
Swedish,,
Thai,,
Arabic,,
Key,Rando02_RAW-0001-Customer,
English_US,Hm.,
Description,,
French,Hum…,
Italian,Hm.,
German,Mh.,
Spanish_Spain,Mmm.,
Spanish_LATAM,Mmm...,
Korean,흠.,
Russian,,
Japanese,ふむ。,
Portuguese_Brazil,Hm.,
Chinese_Simplified,嗯。,
Chinese_Traditional,嗯。,
Polish,,
Turkish,,
Swedish,,
Thai,,
Arabic,,
Key,Rando02_RAW-0002-Alta,
English_US,Do you want tea?,
Description,,
French,Tu veux du thé ?,
Italian,Vuoi del tè?,
German,Möchtest du Tee?,
Spanish_Spain,¿Quieres té?,
Spanish_LATAM,¿Quieres té?,
Korean,차 드릴까요?,
Russian,,
Japanese,お茶はどうだい？,
Portuguese_Brazil,Você quer chá?,
Chinese_Simplified,您要茶吗？,
Chinese_Traditional,你想喝茶嗎？,
Polish,,
Turkish,,
Swedish,,
Thai,,
Arabic,,
Key,Rando02_RAW-0003-Customer,
English_US,Tea? Hm.,
Description,,
French,Du thé ? Hum…,
Italian,Tè? Hm.,
German,Tee? Mh.,
Spanish_Spain,¿Té? Mmm.,
Spanish_LATAM,¿Té? Mmm...,
Korean,차? 흠.,
Russian,,
Japanese,お茶？ ふむ…,
Portuguese_Brazil,Chá? Hm.,
Chinese_Simplified,茶？嗯。,
Chinese_Traditional,茶？嗯。,
Polish,,
Turkish,,
Swedish,,
Thai,,
Arabic,,
Key,Rando02_RAW-0004-Customer,
English_US,No. Not feeling very good. Just want to sit down.,
Description,,
French,"Non. Je ne me sens pas très bien. Je veux juste m'asseoir.",
Italian,No. Non mi sento molto bene. Voglio solo sedermi.,
German,"Nein. Mir geht's nicht so gut. Will mich nur hinsetzen.",
Spanish_Spain,No. No me encuentro muy bien. Solo quiero sentarme.,
Spanish_LATAM,No. No me siento muy bien. Quiero sentarme nada más.,
Korean,아뇨. 몸이 좀 안 좋아서요. 그냥 앉아서 쉬겠습니다.,
Russian,,
Japanese,いや、少し具合が悪くてね。座って休みたいだけだ。,
Portuguese_Brazil,Não. Não estou me sentindo muito bem. Só quero sentar.,
Chinese_Simplified,不了。我感觉有点不舒服。现在只想坐会儿。,
Chinese_Traditional,不了。不是很舒服。只想坐下。,
Polish,,
Turkish,,
Swedish,,
Thai,,
Arabic,,
Key,Rando02_RAW-0005-Alta,
English_US,"Okay, sure.",
Description,,
French,"OK, pas de souci.",
Italian,Ma certo.,
German,"Okay, klar.",
Spanish_Spain,"Sí, claro.",
Spanish_LATAM,"Sí, está bien.",
Korean,"네, 그러세요.",
Russian,,
Japanese,そうか、わかった。,
Portuguese_Brazil,"Sim, claro.",
Chinese_Simplified,好的。,
Chinese_Traditional,好啊，沒問題。,
Polish,,
Turkish,,
Swedish,,
Thai,,
Arabic,,
Key,Rando02_RAW-0006-Customer,
English_US,"You said tea, before.",
Description,,
French,Tu as parlé de thé.,
Italian,"Hai detto tè, prima?",
German,Du hast was von Tee gesagt.,
Spanish_Spain,Antes has dicho té.,
Spanish_LATAM,Dijiste «té» antes.,
Korean,아까 차라고 하셨나요.,
Russian,,
Japanese,あんた、お茶と言ったね。,
Portuguese_Brazil,Você disse chá antes.,
Chinese_Simplified,你之前说有茶。,
Chinese_Traditional,你剛才提到茶。,
Polish,,
Turkish,,
Swedish,,
Thai,,
Arabic,,
Key,Rando02_RAW-0007-Alta,
English_US,"Yes, this is a tea shop.",
Description,,
French,"Oui, c'est un salon de thé.",
Italian,"Sì, questa è una bottega del tè.",
German,"Ja, das hier ist ein Teeladen.",
Spanish_Spain,"Sí, esto es una tienda de té.",
Spanish_LATAM,"Sí, esto es una tienda de té.",
Korean,"네, 여긴 찻집이에요.",
Russian,,
Japanese,ああ、ここはティーハウスだ。,
Portuguese_Brazil,"Sim, essa é uma casa de chá.",
Chinese_Simplified,是的，毕竟这里是茶馆。,
Chinese_Traditional,對，這是一間茶屋。,
Polish,,
Turkish,,
Swedish,,
Thai,,
Arabic,,
Key,Rando02_RAW-0008-Customer,
English_US,...,
Description,,
French,…,
Italian,...,
German,…,
Spanish_Spain,...,
Spanish_LATAM,...,
Korean,...,
Russian,,
Japanese,…,
Portuguese_Brazil,...,
Chinese_Simplified,……,
Chinese_Traditional,……,
Polish,,
Turkish,,
Swedish,,
Thai,,
Arabic,,
Key,Rando02_RAW-0009-Alta,
English_US,Do you need something?,
Description,,
French,Il te faut quelque chose ?,
Italian,Hai bisogno di qualcosa?,
German,Brauchst du was?,
Spanish_Spain,¿Necesitas algo?,
Spanish_LATAM,¿Necesitas algo?,
Korean,필요한 게 있나요?,
Russian,,
Japanese,何か飲む？,
Portuguese_Brazil,Você precisa de alguma coisa?,
Chinese_Simplified,您想喝点什么吗？,
Chinese_Traditional,你需要什麼嗎？,
Polish,,
Turkish,,
Swedish,,
Thai,,
Arabic,,
Key,Rando02_RAW-0010-Customer,
English_US,I am not feeling very good.,
Description,,
French,Je ne me sens pas très bien.,
Italian,Non mi sento molto bene.,
German,"Mir geht's nicht so gut.",
Spanish_Spain,No me encuentro muy bien.,
Spanish_LATAM,No me siento muy bien.,
Korean,몸이 좀 안 좋습니다.,
Russian,,
Japanese,少し具合が悪いんだ。,
Portuguese_Brazil,Não estou me sentindo bem.,
Chinese_Simplified,我感觉有点不舒服。,
Chinese_Traditional,我不太舒服。,
Polish,,
Turkish,,
Swedish,,
Thai,,
Arabic,,
Key,Rando02_RAW-0011-Customer,
English_US,"For a long time now, a pain in my chest.",
Description,,
French,"Ça fait un moment, une douleur dans la poitrine.",
Italian,Da molto tempo ormai provo un dolore al petto.,
German,Schon lange. Schmerzen in der Brust.,
Spanish_Spain,Desde hace mucho tiempo me duele el pecho.,
Spanish_LATAM,Me duele el pecho. Hace bastante.,
Korean,가슴 통증이 오래 가시질 않네요.,
Russian,,
Japanese,もう長いこと、胸の痛みがあってね。,
Portuguese_Brazil,Há muito tempo já. Uma dor no peito.,
Chinese_Simplified,胸口疼了好久。,
Chinese_Traditional,已經很久了，胸痛。,
Polish,,
Turkish,,
Swedish,,
Thai,,
Arabic,,
Key,Rando02_RAW-0012-Customer,
English_US,Something to relieve the pain. Perhaps.,
Description,,
French,Peut-être quelque chose pour soulager la douleur.,
Italian,Qualcosa per alleviare il dolore… magari?,
German,"Etwas, um die Schmerzen zu lindern. Vielleicht.",
Spanish_Spain,Algo para aliviar el dolor. Tal vez.,
Spanish_LATAM,Algo para aliviar el dolor. Quizás.,
Korean,통증을 줄여주는 것. 그걸로 주세요.,
Russian,,
Japanese,痛みを和らげるお茶がいいかもな。,
Portuguese_Brazil,Alguma coisa pra aliviar a dor. Talvez.,
Chinese_Simplified,来点缓解胸痛的东西吧。可以吗？,
Chinese_Traditional,緩解胸痛的東西。之類的。,
Polish,,
Turkish,,
Swedish,,
Thai,,
Arabic,,
Key,Rando02_RAW-0013-Alta,
English_US,Is that what you want? Tea to help with your pain?,
Description,,
French,"C'est ce que tu veux ? Du thé pour te soulager ?",
Italian,È questo ciò che vuoi? Un tè per alleviare il dolore?,
German,"Ist es das, was du möchtest? Tee, der gegen die Schmerzen hilft?",
Spanish_Spain,¿Es eso lo que quieres? ¿Té para ayudarte con el dolor?,
Spanish_LATAM,¿Eso es lo que quieres? ¿Té para ayudarte con el dolor?,
Korean,"주문하신 건가요? 그럼, 통증에 도움이 되는 차로?",
Russian,,
Japanese,それが注文？ 痛みに効くお茶だって？,
Portuguese_Brazil,É isso que você quer? Chá pra ajudar com a sua dor?,
Chinese_Simplified,这样啊？您想要能缓解疼痛的茶？,
Chinese_Traditional,這樣啊？你想要緩解胸痛的茶？,
Polish,,
Turkish,,
Swedish,,
Thai,,
Arabic,,
Key,Rando02_RAW-0014-Customer,
English_US,If you have it.,
Description,,
French,Si tu en as.,
Italian,"Se ce l'hai.",
German,Wenn du welchen hast.,
Spanish_Spain,Si lo tienes.,
Spanish_LATAM,Si tienes algo así...,
Korean,그런 게 있다면요.,
Russian,,
Japanese,もしあればね。,
Portuguese_Brazil,Se você tiver.,
Chinese_Simplified,如果有的话。,
Chinese_Traditional,如果有的話。,
Polish,,
Turkish,,
Swedish,,
Thai,,
Arabic,,
Key,Rando02_RAW-0015-Alta,
English_US,"I'll take a look.",
Description,,
French,Je vais voir ça.,
Italian,Adesso controllo.,
German,Ich schaue mal.,
Spanish_Spain,Voy a echar un vistazo.,
Spanish_LATAM,Voy a fijarme.,
Korean,확인해 볼게요.,
Russian,,
Japanese,ちょっと見てみるよ。,
Portuguese_Brazil,Vou dar uma olhada.,
Chinese_Simplified,我这就去找找。,
Chinese_Traditional,我會去找看看。,
Polish,,
Turkish,,
Swedish,,
Thai,,
Arabic,,
Key,Rando02_RAW-0016-Customer,
English_US,...,
Description,,
French,…,
Italian,...,
German,…,
Spanish_Spain,...,
Spanish_LATAM,...,
Korean,...,
Russian,,
Japanese,…,
Portuguese_Brazil,...,
Chinese_Simplified,……,
Chinese_Traditional,……,
Polish,,
Turkish,,
Swedish,,
Thai,,
Arabic,,
Key,Rando02_RAW-0017-Alta,
English_US,Something else?,
Description,,
French,Autre chose ?,
Italian,"Nient'altro?",
German,Etwas anderes?,
Spanish_Spain,¿Algo más?,
Spanish_LATAM,¿Algo más?,
Korean,또 필요한 게 있나요?,
Russian,,
Japanese,他にも何か？,
Portuguese_Brazil,Mais alguma coisa?,
Chinese_Simplified,还要别的吗？,
Chinese_Traditional,還需要其他東西嗎？,
Polish,,
Turkish,,
Swedish,,
Thai,,
Arabic,,
Key,Rando02_RAW-0018-Customer,
English_US,The mind. It focuses only on the pain.,
Description,,
French,"L'esprit… il ne se concentre que sur la douleur.",
Italian,La mente. È concentrata sul dolore.,
German,Der Verstand. Er konzentriert sich nur auf den Schmerz.,
Spanish_Spain,La mente. Se centra solo en el dolor.,
Spanish_LATAM,La mente. Se concentra solo en el dolor.,
Korean,주의가... 자꾸 통증에 쏠리는군요.,
Russian,,
Japanese,痛みが頭から離れないんだ。,
Portuguese_Brazil,Minha mente. Ela foca somente na dor.,
Chinese_Simplified,我的注意力。我满脑子只想着疼。,
Chinese_Traditional,我的意識，一直被疼痛影響。,
Polish,,
Turkish,,
Swedish,,
Thai,,
Arabic,,
Key,Rando02_RAW-0019-Customer,
English_US,Can the tea give my mind another thing to think of?,
Description,,
French,Le thé pourrait me faire penser à autre chose ?,
Italian,Esiste un tè che può distrarre la mia mente dal dolore?,
German,"Macht der Tee, dass mein Verstand sich auf etwas anderes konzentriert?",
Spanish_Spain,¿Puede el té darle a mi mente otra cosa en qué pensar?,
Spanish_LATAM,¿Puede el té darle a mi mente otra cosa en qué pensar?,
Korean,주의를 돌려주는 차도 있습니까?,
Russian,,
Japanese,お茶で気を紛らわせることはできるかい？,
Portuguese_Brazil,O chá pode dar pra minha mente outra coisa pra pensar?,
Chinese_Simplified,喝茶能够让我想点别的东西吗？,
Chinese_Traditional,茶能夠幫助我轉移注意力嗎？,
Polish,,
Turkish,,
Swedish,,
Thai,,
Arabic,,
Key,Rando02_RAW-0020-Customer,
English_US,"Something to think of, other than pain.",
Description,,
French,"Un truc auquel penser, autre chose que la douleur.",
Italian,Qualcosa a cui pensare al posto del dolore.,
German,"Etwas anderes als den Schmerz, an das ich denken kann.",
Spanish_Spain,Algo en qué pensar además del dolor.,
Spanish_LATAM,Algo en qué pensar además del dolor.,
Korean,통증 말고 다른 생각을 하게 해주는 것이요.,
Russian,,
Japanese,痛み以外のことを考えたいんだ。,
Portuguese_Brazil,"Alguma coisa pra pensar, que não seja dor.",
Chinese_Simplified,只要不是疼痛就好。,
Chinese_Traditional,思考疼痛以外的事物。,
Polish,,
Turkish,,
Swedish,,
Thai,,
Arabic,,
Key,Rando02_RAW-0021-Alta,
English_US,"I'll do my best.",
Description,,
French,Je vais faire au mieux.,
Italian,Farò del mio meglio.,
German,Ich tu‘ mein Bestes.,
Spanish_Spain,Haré lo que pueda.,
Spanish_LATAM,Haré lo que pueda.,
Korean,찾아볼게요.,
Russian,,
Japanese,やってみるよ。,
Portuguese_Brazil,Farei o melhor possível.,
Chinese_Simplified,我尽量试试。,
Chinese_Traditional,我會盡力的。,
Polish,,
Turkish,,
Swedish,,
Thai,,
Arabic,,
Key,Rando02_RAW-0022-Alta,
English_US,Here you go.,
Description,,
French,Et voilà !,
Italian,Ecco qui.,
German,Bitte sehr.,
Spanish_Spain,Aquí tienes.,
Spanish_LATAM,Aquí tienes.,
Korean,나왔습니다.,
Russian,,
Japanese,さあ、どうぞ。,
Portuguese_Brazil,Aqui está.,
Chinese_Simplified,请用。,
Chinese_Traditional,給你。,
Polish,,
Turkish,,
Swedish,,
Thai,,
Arabic,,
Key,Rando02_RAW-0023-Customer,
English_US,Okay.,
Description,,
French,OK.,
Italian,Grazie.,
German,Okay.,
Spanish_Spain,Vale.,
Spanish_LATAM,Bien.,
Korean,네.,
Russian,,
Japanese,どうも。,
Portuguese_Brazil,Tá bem.,
Chinese_Simplified,好的。,
Chinese_Traditional,好喔。,
Polish,,
Turkish,,
Swedish,,
Thai,,
Arabic,,
Key,Rando02_RAW-0024-Customer,
English_US,Hmm.,
Description,,
French,Hum…,
Italian,Hmm.,
German,Mmh.,
Spanish_Spain,Mmm.,
Spanish_LATAM,Mmm...,
Korean,흐음.,
Russian,,
Japanese,ふむ。,
Portuguese_Brazil,Hmm.,
Chinese_Simplified,唔。,
Chinese_Traditional,嗯。,
Polish,,
Turkish,,
Swedish,,
Thai,,
Arabic,,
Key,Rando02_RAW-0025-Customer,
English_US,This tea is cold. It is not good to drink cold.,
Description,,
French,"Ce thé est froid. Ce n'est pas bon froid.",
Italian,Questo tè è freddo. Non è buono freddo.,
German,Dieser Tee ist kalt. Kalt kann man ihn nicht trinken.,
Spanish_Spain,Este té está frío. No es bueno beber las cosas frías.,
Spanish_LATAM,Este té está frío. No es bueno beber las cosas frías.,
Korean,이 차는 차갑군요. 차게 마시면 안 좋아요.,
Russian,,
Japanese,お茶が冷たいな。冷たいのは体に良くない。,
Portuguese_Brazil,Esse chá está frio. Não é bom beber frio.,
Chinese_Simplified,茶是冷的。喝冷的可不好。,
Chinese_Traditional,這杯茶是冷的。喝冷飲不好。,
Polish,,
Turkish,,
Swedish,,
Thai,,
Arabic,,
Key,Rando02_RAW-0026-Alta,
English_US,"Okay, I'll remake it using more heat.",
Description,,
French,"OK, je vais le refaire en plus chaud.",
Italian,"Va bene, lo rifarò usando acqua più calda.",
German,"Gut, ich mache ihn noch mal mit mehr Hitze.",
Spanish_Spain,"Vale, lo volveré a preparar calentándolo más.",
Spanish_LATAM,"Bien, te preparo otro y lo caliento más esta vez.",
Korean,"네, 따뜻하게 다시 만들어올게요.",
Russian,,
Japanese,わかった。もっと熱くして淹れ直すよ。,
Portuguese_Brazil,"Certo, vou refazer ele usando mais calor.",
Chinese_Simplified,好的，那我再做杯热的。,
Chinese_Traditional,好，我會重做一杯熱的。,
Polish,,
Turkish,,
Swedish,,
Thai,,
Arabic,,
Key,Rando02_RAW-0027-Customer,
English_US,Hmm.,
Description,,
French,Hum…,
Italian,Hmm.,
German,Mmh.,
Spanish_Spain,Mmm.,
Spanish_LATAM,Mmm...,
Korean,흐음.,
Russian,,
Japanese,ふむ。,
Portuguese_Brazil,Hmm.,
Chinese_Simplified,唔。,
Chinese_Traditional,嗯。,
Polish,,
Turkish,,
Swedish,,
Thai,,
Arabic,,
Key,Rando02_RAW-0028-Customer,
English_US,There is no tea in this. It does not have tea leaves.,
Description,,
French,"Il n'y a pas de thé là-dedans. Il n'y a aucune feuille de thé.",
Italian,Ma questo non è tè. Non ci sono foglie di tè.,
German,Hier ist gar kein Tee drin. Da fehlen die Teeblätter.,
Spanish_Spain,Esto no tiene té. No hay hojas de té.,
Spanish_LATAM,Esto no tiene té. No tiene hojas de té.,
Korean,차를 넣지 않았군요. 찻잎이 안 들어갔어요.,
Russian,,
Japanese,これはお茶じゃないな。茶葉が入ってない。,
Portuguese_Brazil,Não tem chá aqui. Não tem folhas de chá.,
Chinese_Simplified,这不是茶吧。里面没茶叶。,
Chinese_Traditional,這杯飲品不是茶。它沒有茶葉。,
Polish,,
Turkish,,
Swedish,,
Thai,,
Arabic,,
Key,Rando02_RAW-0029-Alta,
English_US,"Oh, my mistake. I'll go remake it.",
Description,,
French,"Oh, je me suis trompée. Je vais le refaire.",
Italian,"Oh, ho sbagliato. Lo andrò a rifare.",
German,"Oh, mein Fehler. Ich mach ihn noch mal.",
Spanish_Spain,"Oh, qué fallo. Lo volveré a hacer.",
Spanish_LATAM,"Uy, perdón. Te preparo otro.",
Korean,"이런, 실수였어요. 다시 만들어올게요.",
Russian,,
Japanese,おっと、私のミスだ。淹れ直すよ。,
Portuguese_Brazil,"Ah, erro meu. Vou refazer.",
Chinese_Simplified,哎呀，摆了个乌龙。我去重做一杯。,
Chinese_Traditional,噢，我的錯。我會重做一杯。,
Polish,,
Turkish,,
Swedish,,
Thai,,
Arabic,,
Key,Rando02_RAW-0030-Alta,
English_US,Did it help with the pain?,
Description,,
French,Ça soulage la douleur ?,
Italian,Ti ha aiutato con il dolore?,
German,Hat er gegen die Schmerzen geholfen?,
Spanish_Spain,¿Te ha ayudado con el dolor?,
Spanish_LATAM,¿Te ayudó con el dolor?,
Korean,통증에 도움이 됐나요?,
Russian,,
Japanese,痛みは和らいだ？,
Portuguese_Brazil,Ajudou com a dor?,
Chinese_Simplified,这茶让疼痛好受些了吗？,
Chinese_Traditional,這杯茶有舒緩疼痛嗎？,
Polish,,
Turkish,,
Swedish,,
Thai,,
Arabic,,
Key,Rando02_RAW-0031-Customer,
English_US,...,
Description,,
French,…,
Italian,...,
German,…,
Spanish_Spain,...,
Spanish_LATAM,...,
Korean,...,
Russian,,
Japanese,…,
Portuguese_Brazil,...,
Chinese_Simplified,……,
Chinese_Traditional,……,
Polish,,
Turkish,,
Swedish,,
Thai,,
Arabic,,
Key,Rando02_RAW-0032-Customer,
English_US,...yes. There is a calming in my chest.,
Description,,
French,… oui. Je sens que ma poitrine va mieux.,
Italian,… Sì. Provo una sensazione di calma nel petto.,
German,… Ja. Meine Brust beruhigt sich.,
Spanish_Spain,Sí... Me ha calmado el pecho.,
Spanish_LATAM,Sí... Hay calma en mi pecho.,
Korean,...네. 가슴이 진정되는 느낌입니다.,
Russian,,
Japanese,…ああ。胸がすっとしてきた。,
Portuguese_Brazil,Sim. Meu peito está se acalmando.,
Chinese_Simplified,……是的。我的胸口舒服多了。,
Chinese_Traditional,……。我的胸口舒服多了。,
Polish,,
Turkish,,
Swedish,,
Thai,,
Arabic,,
Key,Rando02_RAW-0033-Customer,
English_US,The pain is quieting.,
Description,,
French,"La douleur s'apaise.",
Italian,Il dolore si sta calmando.,
German,Der Schmerz ebbt ab.,
Spanish_Spain,El dolor se está calmando.,
Spanish_LATAM,El dolor se está calmando.,
Korean,통증이 가라앉고 있어요.,
Russian,,
Japanese,痛みがマシになったよ。,
Portuguese_Brazil,A dor está diminuindo.,
Chinese_Simplified,疼痛感也减轻了。,
Chinese_Traditional,疼痛減輕了。,
Polish,,
Turkish,,
Swedish,,
Thai,,
Arabic,,
Key,Rando02_RAW-0034-Customer,
English_US,"Not gone, never fully gone. Just a little quieter.",
Description,,
French,"La douleur n'est pas partie, pas complètement. Mais c'est un peu mieux.",
Italian,Non è passato completamente. È solo meno forte.,
German,"Noch nicht weg, nie ganz weg. Nur etwas sachter.",
Spanish_Spain,"No se ha ido, nunca se ha ido del todo. Pero me duele un poco menos.",
Spanish_LATAM,No se va. Nunca se va del todo. Pero me duele un poco menos.,
Korean,사라지진 않아요. 원래 그래요. 그래도 좀 낫네요.,
Russian,,
Japanese,完全に消えはしないが、少しだけラクだ。,
Portuguese_Brazil,"Não desapareceu, nunca desaparece totalmente. Só um pouco mais silenciosa.",
Chinese_Simplified,疼还是疼，不能完全止痛。只是好受了些。,
Chinese_Traditional,沒有完全消失，從來不會完全消失。只是減輕一點。,
Polish,,
Turkish,,
Swedish,,
Thai,,
Arabic,,
Key,Rando02_RAW-0035-Customer,
English_US,Yes. This is good.,
Description,,
French,"Oui, ça fait du bien.",
Italian,Sì. Così è buono.,
German,Ja. Das ist gut.,
Spanish_Spain,Sí. Bien.,
Spanish_LATAM,Sí. Esto está bien.,
Korean,음. 좋군요.,
Russian,,
Japanese,ああ、これはいい。,
Portuguese_Brazil,Sim. Isso é bom.,
Chinese_Simplified,不错。感觉很好。,
Chinese_Traditional,是的。很好。,
Polish,,
Turkish,,
Swedish,,
Thai,,
Arabic,,
Key,Rando02_RAW-0036-Customer,
English_US,Thank you.,
Description,,
French,Merci.,
Italian,Grazie.,
German,Danke.,
Spanish_Spain,Gracias.,
Spanish_LATAM,Gracias.,
Korean,감사합니다.,
Russian,,
Japanese,ありがとう。,
Portuguese_Brazil,Agradeço.,
Chinese_Simplified,谢谢你。,
Chinese_Traditional,謝謝你。,
Polish,,
Turkish,,
Swedish,,
Thai,,
Arabic,,
Key,Rando02_RAW-0037-Alta,
English_US,What about taking your mind off the pain?,
Description,,
French,Et si tu chassais la douleur de ton esprit ?,
Italian,E per quanto riguarda il distrarre la mente dal dolore?,
German,Und bist du vom Schmerz abgelenkt?,
Spanish_Spain,¿Qué tal si dejas de pensar en el dolor?,
Spanish_LATAM,¿Qué tal si dejas de pensar en el dolor?,
Korean,통증에서 주의를 돌리는 건요?,
Russian,,
Japanese,気を紛らわせるほうは、どう？,
Portuguese_Brazil,E tirou a sua mente da dor?,
Chinese_Simplified,现在不会老想着疼了吧？,
Chinese_Traditional,那有沒有成功轉移注意力？,
Polish,,
Turkish,,
Swedish,,
Thai,,
Arabic,,
Key,Rando02_RAW-0038-Customer,
English_US,Hmm.,
Description,,
French,Hum…,
Italian,Hmm.,
German,Mmh.,
Spanish_Spain,Mmm.,
Spanish_LATAM,Mmm...,
Korean,흐음.,
Russian,,
Japanese,ふむ。,
Portuguese_Brazil,Hmm.,
Chinese_Simplified,唔。,
Chinese_Traditional,嗯。,
Polish,,
Turkish,,
Swedish,,
Thai,,
Arabic,,
Key,Rando02_RAW-0039-Customer,
English_US,"There are new thoughts now, yes.",
Description,,
French,"J'ai de nouvelles pensées, c'est vrai.",
Italian,"Ci sono nuovi pensieri adesso, hmm.",
German,"Da sind jetzt auch neue Gedanken, ja.",
Spanish_Spain,"Hay nuevos pensamientos ahora, sí.",
Spanish_LATAM,"Hay nuevos pensamientos ahora, sí.",
Korean,"그래요, 새로운 생각이 나는군요.",
Russian,,
Japanese,ああ、別のことが頭に浮かんできた。,
Portuguese_Brazil,Ela tem novos pensamentos.,
Chinese_Simplified,是的，我能想点别的了。,
Chinese_Traditional,有的，的確有新念頭。,
Polish,,
Turkish,,
Swedish,,
Thai,,
Arabic,,
Key,Rando02_RAW-0040-Customer,
English_US,I am thinking of {{Trellin}}. Not a kind person. Someone quite unpleasant.,
Description,,
French,"Je pense à {{Trellin}}. Ce n'est pas quelqu'un de gentil. Plutôt désagréable.",
Italian,Sto pensando a {{Trellin}}. Non è una persona gentile. È piuttosto sgradevole.,
German,Ich denke an {{Trellin}}. Keine nette Person. Jemand sehr Unangenehmes.,
Spanish_Spain,Estoy pensando en {{Trellin}}. No es una persona amable. Es bastante desagradable.,
Spanish_LATAM,Estoy pensando en {{Trellin}}. No es una persona amable. Es bastante desagradable.,
Korean,{{Trellin}}을 생각하고 있습니다. 친절한 사람은 아니에요. 불쾌한 작자죠.,
Russian,,
Japanese,{{トレーリン}}のことだ。優しい人間じゃない。むしろ不愉快なヤツだ。,
Portuguese_Brazil,Estou pensando em {{Trellin}}. Não é uma pessoa gentil. É alguém bem desagradável.,
Chinese_Simplified,我想到了{{Trellin}}。她不是个好人。相当讨人厌。,
Chinese_Traditional,我現在想到{{Trellin}}。不是個好人。還滿難搞的。,
Polish,,
Turkish,,
Swedish,,
Thai,,
Arabic,,
Key,Rando02_RAW-0041-Customer,
English_US,"There are new thoughts now, yes.",
Description,,
French,"J'ai de nouvelles pensées, c'est vrai.",
Italian,"Ci sono nuovi pensieri adesso, hmm.",
German,"Da sind jetzt auch neue Gedanken, ja.",
Spanish_Spain,"Hay nuevos pensamientos ahora, sí.",
Spanish_LATAM,"Hay nuevos pensamientos ahora, sí.",
Korean,"그래요, 새로운 생각이 나는군요.",
Russian,,
Japanese,ああ、別のことが頭に浮かんできた。,
Portuguese_Brazil,Ela tem novos pensamentos.,
Chinese_Simplified,是的，我能想点别的了。,
Chinese_Traditional,有的，的確有新念頭。,
Polish,,
Turkish,,
Swedish,,
Thai,,
Arabic,,
Key,Rando02_RAW-0042-Customer,
English_US,A feeling of leaving home.,
Description,,
French,La sensation de partir de chez moi.,
Italian,La sensazione di lasciare casa.,
German,"Das Gefühl, von zu Hause wegzugehen.",
Spanish_Spain,Una sensación de salir de casa.,
Spanish_LATAM,Una sensación de salir de casa.,
Korean,집을 떠나는 것 같은 기분.,
Russian,,
Japanese,家を離れるときのような…,
Portuguese_Brazil,Uma sensação de sair de casa.,
Chinese_Simplified,是离家的感觉。,
Chinese_Traditional,離家的感覺。,
Polish,,
Turkish,,
Swedish,,
Thai,,
Arabic,,
Key,Rando02_RAW-0043-Customer,
English_US,A confusing feeling. I did not experience this.,
Description,,
French,"Un sentiment confus. Je ne l'avais jamais vécu.",
Italian,"Una sensazione confusa. Non l'avevo ancora provata.",
German,Ein verwirrendes Gefühl. Das habe ich nicht erlebt.,
Spanish_Spain,Un sentimiento confuso. No lo he experimentado antes.,
Spanish_LATAM,Un sentimiento confuso. Nunca lo había experimentado.,
Korean,혼란스러운 기분. 겪어본 적 없는 감정이 듭니다.,
Russian,,
Japanese,混乱してる。こんな気分は初めてだ。,
Portuguese_Brazil,Uma sensação confusa. Eu não vivenciei isso.,
Chinese_Simplified,真令人困惑。我从未有过这种经历。,
Chinese_Traditional,令人困惑的感覺。我沒有料到會有這種感覺。,
Polish,,
Turkish,,
Swedish,,
Thai,,
Arabic,,
Key,Rando02_RAW-0044-Customer,
English_US,I do not know if I wish to feel this.,
Description,,
French,"Je ne sais pas si j'ai envie de ressentir ça.",
Italian,Non so se mi piace questa sensazione.,
German,"Ich weiß nicht, ob ich das fühlen will.",
Spanish_Spain,No sé si quiero sentir esto.,
Spanish_LATAM,No sé si quiero sentir esto.,
Korean,좋은 건지 나쁜 건지 모르겠어요.,
Russian,,
Japanese,なんだかモヤモヤするな。,
Portuguese_Brazil,Não sei se quero sentir isso.,
Chinese_Simplified,是不是想体验这种感受，我自己也说不清。,
Chinese_Traditional,我不確定自己是不是想體驗這種感覺。,
Polish,,
Turkish,,
Swedish,,
Thai,,
Arabic,,
Key,Rando02_RAW-0045-Customer,
English_US,"There are new thoughts now, yes.",
Description,,
French,"J'ai de nouvelles pensées, c'est vrai.",
Italian,"Ci sono nuovi pensieri adesso, sì.",
German,"Da sind jetzt auch neue Gedanken, ja.",
Spanish_Spain,"Hay nuevos pensamientos ahora, sí.",
Spanish_LATAM,"Hay nuevos pensamientos ahora, sí.",
Korean,"그래요, 새로운 생각이 나는군요.",
Russian,,
Japanese,ああ、別のことが頭に浮かんできた。,
Portuguese_Brazil,Ela tem novos pensamentos.,
Chinese_Simplified,是的，我能想点别的了。,
Chinese_Traditional,有的，的確有新念頭。,
Polish,,
Turkish,,
Swedish,,
Thai,,
Arabic,,
Key,Rando02_RAW-0046-Customer,
English_US,Frustration. Difficulty. Confusion.,
Description,,
French,Frustration. Difficulté. Confusion.,
Italian,Frustrazione. Difficoltà. Confusione.,
German,Frust. Schwierigkeiten. Verwirrung.,
Spanish_Spain,Frustración. Dificultad. Confusión.,
Spanish_LATAM,Frustración. Dificultad. Confusión.,
Korean,좌절감. 어려움. 혼란.,
Russian,,
Japanese,イライラと苦痛と混乱。,
Portuguese_Brazil,Frustração. Dificuldade. Confusão.,
Chinese_Simplified,沮丧。艰难。困惑。,
Chinese_Traditional,挫折。困難。困惑。,
Polish,,
Turkish,,
Swedish,,
Thai,,
Arabic,,
Key,Rando02_RAW-0047-Customer,
English_US,It is an uncomfortable feeling.,
Description,,
French,"C'est une sensation pénible.",
Italian,È una sensazione spiacevole.,
German,Es ist ein unangenehmes Gefühl.,
Spanish_Spain,Es una sensación incómoda.,
Spanish_LATAM,Es una sensación incómoda.,
Korean,불편한 감정입니다.,
Russian,,
Japanese,落ち着かない気分だ。,
Portuguese_Brazil,É uma sensação desconfortável.,
Chinese_Simplified,有种不舒服的感觉。,
Chinese_Traditional,不舒服的感受。,
Polish,,
Turkish,,
Swedish,,
Thai,,
Arabic,,
Key,Rando02_RAW-0048-Customer,
English_US,"There are new thoughts now, yes.",
Description,,
French,"J'ai de nouvelles pensées, c'est vrai.",
Italian,"Ci sono nuovi pensieri adesso, hmm.",
German,"Da sind jetzt auch neue Gedanken, ja.",
Spanish_Spain,"Hay nuevos pensamientos ahora, sí.",
Spanish_LATAM,"Hay nuevos pensamientos ahora, sí.",
Korean,"그래요, 새로운 생각이 나는군요.",
Russian,,
Japanese,ああ、別のことが頭に浮かんできた。,
Portuguese_Brazil,Ela tem novos pensamentos.,
Chinese_Simplified,是的，我能想点别的了。,
Chinese_Traditional,有的，的確有新念頭。,
Polish,,
Turkish,,
Swedish,,
Thai,,
Arabic,,
Key,Rando02_RAW-0049-Customer,
English_US,"My feet, they are quite hot.",
Description,,
French,"Mes pieds, ils chauffent pas mal.",
Italian,I miei piedi sono piuttosto caldi.,
German,Meine Füße sind sehr heiß.,
Spanish_Spain,Tengo los pies bastante calientes.,
Spanish_LATAM,Tengo los pies bastante calientes.,
Korean,발이 화끈거린다는 생각.,
Russian,,
Japanese,足が…やたらと熱い。,
Portuguese_Brazil,"Meus pés, estão bem quentes.",
Chinese_Simplified,我的脚，感觉有点烫。,
Chinese_Traditional,我的雙腳，正在發熱。,
Polish,,
Turkish,,
Swedish,,
Thai,,
Arabic,,
Key,Rando02_RAW-0050-Customer,
English_US,"Yes, getting hotter. Very hot now.",
Description,,
French,"Oui, ça chauffe. Ça chauffe même beaucoup.",
Italian,"Sì, stanno diventando più caldi. Fa molto caldo adesso.",
German,"Ja, sie werden heißer. Sehr heiß jetzt.",
Spanish_Spain,"Sí, cada vez están más calientes. Están muy calientes ahora.",
Spanish_LATAM,"Sí, cada vez están más calientes. Están muy calientes ahora.",
Korean,"이런, 더 심해지네요. 아주 심하게 화끈거려요.",
Russian,,
Japanese,ああ、どんどん熱くなる。燃えてるみたいだ。,
Portuguese_Brazil,"Sim, ficando mais quente. Bem quente agora.",
Chinese_Simplified,是的，越来越烫。现在非常烫了。,
Chinese_Traditional,沒錯，越來越熱。現在非常熱。,
Polish,,
Turkish,,
Swedish,,
Thai,,
Arabic,,
Key,Rando02_RAW-0051-Customer,
English_US,"There are new thoughts now, yes.",
Description,,
French,"J'ai de nouvelles pensées, c'est vrai.",
Italian,"Ci sono nuovi pensieri adesso, hmm.",
German,"Da sind jetzt auch neue Gedanken, ja.",
Spanish_Spain,"Hay nuevos pensamientos ahora, sí.",
Spanish_LATAM,"Hay nuevos pensamientos ahora, sí.",
Korean,"그래요, 새로운 생각이 나는군요.",
Russian,,
Japanese,ああ、別のことが頭に浮かんできた。,
Portuguese_Brazil,Ela tem novos pensamentos.,
Chinese_Simplified,是的，我能想点别的了。,
Chinese_Traditional,有的，的確有新念頭。,
Polish,,
Turkish,,
Swedish,,
Thai,,
Arabic,,
Key,Rando02_RAW-0052-Customer,
English_US,I am thinking of {{Trellon}}.,
Description,,
French,Je pense à {{Trellon}}.,
Italian,Sto pensando a {{Trellon}}.,
German,Ich denke an {{Trellon}}.,
Spanish_Spain,Estoy pensando en {{Trellon}}.,
Spanish_LATAM,Estoy pensando en {{Trellon}}.,
Korean,{{Trellon}}을 생각하고 있습니다.,
Russian,,
Japanese,{{トレーロン}}のことだ。,
Portuguese_Brazil,Estou pensando em {{Trellon}}.,
Chinese_Simplified,我想到了{{Trellon}}。,
Chinese_Traditional,我現在想到{{Trellon}}。,
Polish,,
Turkish,,
Swedish,,
Thai,,
Arabic,,
Key,Rando02_RAW-0053-Customer,
English_US,It is good to think about her. A reliable person. Yes.,
Description,,
French,"C'est bon de penser à elle. On peut compter sur elle, c'est sûr.",
Italian,È bello pensare a lei. Una persona affidabile. Sì.,
German,"Es tut gut, an sie zu denken. Eine zuverlässige Person. Ja.",
Spanish_Spain,Es bueno pensar en ella. Es una persona fiable. Sí.,
Spanish_LATAM,Es bueno pensar en ella. Es alguien fiable. Sí.,
Korean,그녀를 생각하니 좋군요. 믿을만한 사람이죠. 그래요.,
Russian,,
Japanese,彼女のことを考えると気分がいい。信頼できる人だ。うん。,
Portuguese_Brazil,É bom pensar nela. É uma pessoa confiável. Sim.,
Chinese_Simplified,能想到她真好。她很可靠。是的。,
Chinese_Traditional,想到她還滿好的。她是可靠的人。是的。,
Polish,,
Turkish,,
Swedish,,
Thai,,
Arabic,,
Key,Rando02_RAW-0054-Customer,
English_US,Many thoughts are going away.,
Description,,
French,De nombreuses pensées disparaissent.,
Italian,Molti pensieri stanno svanendo.,
German,Viele Gedanken vergehen.,
Spanish_Spain,Muchos pensamientos se están yendo.,
Spanish_LATAM,Muchos pensamientos se están yendo.,
Korean,많은 생각이 사라지네요.,
Russian,,
Japanese,頭のごちゃごちゃが消えていく。,
Portuguese_Brazil,Muitos pensamentos estão desaparecendo.,
Chinese_Simplified,很多念头都不见了。,
Chinese_Traditional,許多念頭消散了。,
Polish,,
Turkish,,
Swedish,,
Thai,,
Arabic,,
Key,Rando02_RAW-0055-Customer,
English_US,Yes. Thoughts and feelings are fading. Cannot remember.,
Description,,
French,"Oui, pensées et sensations s'évanouissent. Je ne me souviens plus.",
Italian,I pensieri e le sensazioni stanno svanendo. Non riesco a ricordare.,
German,Ja. Gedanken und Gefühle lassen nach. Kann mich nicht erinnern.,
Spanish_Spain,Sí. Los pensamientos y sentimientos se están desvaneciendo. No me acuerdo.,
Spanish_LATAM,Sí. Los pensamientos y sentimientos se están desvaneciendo. No puedo acordarme.,
Korean,그래요. 생각과 감정이 희미해져 가요. 기억이 나지 않는군요.,
Russian,,
Japanese,ああ、思考も感情も薄れていくぞ。もう思い出せない。,
Portuguese_Brazil,Sim. Pensamentos e sentimentos estão desaparecendo. Não consigo lembrar.,
Chinese_Simplified,是的。念头和感受都在消失。记不起来了。,
Chinese_Traditional,是的。念頭和感受正在消散。無法記住。,
Polish,,
Turkish,,
Swedish,,
Thai,,
Arabic,,
Key,Rando02_RAW-0056-Alta,
English_US,"Is that, uh, good?",
Description,,
French,"Et c'est… euh… agréable ?",
Italian,È… una cosa buona?,
German,"Ist das, äh, gut?",
Spanish_Spain,"¿Eso es, eh... bueno?",
Spanish_LATAM,"Eso es, eh... ¿bueno?",
Korean,그게... 좋은 건가요?,
Russian,,
Japanese,それは、その…いいことか？,
Portuguese_Brazil,"E isso é, ahm, bom?",
Chinese_Simplified,这，呃，是好事吗？,
Chinese_Traditional,這是，呃，好事嗎？,
Polish,,
Turkish,,
Swedish,,
Thai,,
Arabic,,
Key,Rando02_RAW-0057-Customer,
English_US,Hmm....,
Description,,
French,Hum…,
Italian,Hmm....,
German,Mmh …,
Spanish_Spain,Mmm...,
Spanish_LATAM,Mmm...,
Korean,흐음...,
Russian,,
Japanese,ふむ…,
Portuguese_Brazil,Hmm....,
Chinese_Simplified,唔……,
Chinese_Traditional,嗯……,
Polish,,
Turkish,,
Swedish,,
Thai,,
Arabic,,
Key,Rando02_RAW-0058-Customer,
English_US,...yes. It is good to not remember. I prefer it.,
Description,,
French,"… oui. C'est bon d'oublier. Je préfère ça.",
Italian,… Suppongo di sì. È meglio non ricordare. Lo preferisco.,
German,"… Ja. Es ist gut, sich nicht zu erinnern. Das ist mir lieber.",
Spanish_Spain,Sí... No recordar es bueno. Lo prefiero.,
Spanish_LATAM,Sí... No recordar es bueno. Lo prefiero.,
Korean,...네. 기억하지 않는 게 좋아요. 그편이 낫습니다.,
Russian,,
Japanese,…ああ。忘れるのは、いいことだ。そのほうがいい。,
Portuguese_Brazil,Sim. É bom não lembrar. Prefiro assim.,
Chinese_Simplified,……是的。忘却何尝不是一件好事。我宁愿如此。,
Chinese_Traditional,……是的。不要記住比較好。我喜歡。,
Polish,,
Turkish,,
Swedish,,
Thai,,
Arabic,,
Key,Rando02_RAW-0059-Customer,
English_US,"There are new thoughts now, yes.",
Description,,
French,"J'ai de nouvelles pensées, c'est vrai.",
Italian,"Ci sono nuovi pensieri adesso, hmm.",
German,"Da sind jetzt auch neue Gedanken, ja.",
Spanish_Spain,"Hay nuevos pensamientos ahora, sí.",
Spanish_LATAM,"Hay nuevos pensamientos ahora, sí.",
Korean,"그래요, 새로운 생각이 나는군요.",
Russian,,
Japanese,ああ、別のことが頭に浮かんできた。,
Portuguese_Brazil,Ela tem novos pensamentos.,
Chinese_Simplified,是的，我能想点别的了。,
Chinese_Traditional,有的，的確有新念頭。,
Polish,,
Turkish,,
Swedish,,
Thai,,
Arabic,,
Key,Rando02_RAW-0060-Customer,
English_US,"I am thinking of the ranch, as a child. Trips in the winter.",
Description,,
French,"Je pense à un ranch, quand j'étais enfant. À des voyages l'hiver.",
Italian,Mi viene da pensare alla casa in campagna dove andavo tanto tempo fa. Ai viaggi in inverno.,
German,"Ich denke an den Bauernhof, als ich ein Kind war. Reisen im Winter.",
Spanish_Spain,"Estoy pensando en el rancho, en mi niñez. Los viajes en invierno.",
Spanish_LATAM,"Estoy pensando en el rancho, en mi niñez. Los viajes en invierno.",
Korean,어릴 때 목장에 갔던 생각이 나요. 겨울에 여행으로 갔었죠.,
Russian,,
Japanese,幼い頃に行った広い牧場のことだ。冬の旅行だった。,
Portuguese_Brazil,"Estou pensando do rancho, quando era criança. Viagens no inverno.",
Chinese_Simplified,我想到了孩童时代的牧场。还有冬日的旅程。,
Chinese_Traditional,我想到小時候的牧場。冬季旅行。,
Polish,,
Turkish,,
Swedish,,
Thai,,
Arabic,,
Key,Rando02_RAW-0061-Customer,
English_US,Hmm... I have not thought of this place in many years.,
Description,,
French,"Hum… je n'avais pas pensé à cet endroit depuis des lustres.",
Italian,Hmm... non pensavo a quel posto da molti anni.,
German,Mmh … Daran habe ich seit Jahren nicht mehr gedacht.,
Spanish_Spain,Mmm... Hacía muchos años que no pensaba en ese lugar.,
Spanish_LATAM,Mmm... Hacía muchos años que no pensaba en ese lugar.,
Korean,흐음... 이 장소를 생각한 건 정말 오랜만이에요.,
Russian,,
Japanese,ふむ…あの場所を思い出すのは何年ぶりだろう。,
Portuguese_Brazil,Hmm... eu não pensava nesse lugar há muitos anos.,
Chinese_Simplified,唔……有好多年没想起那个地方了。,
Chinese_Traditional,嗯……我已經好多年沒想到這個地方了。,
Polish,,
Turkish,,
Swedish,,
Thai,,
Arabic,,
Key,Rando02_RAW-0062-Customer,
English_US,"There are new thoughts now, yes.",
Description,,
French,"J'ai de nouvelles pensées, c'est vrai.",
Italian,"Ci sono nuovi pensieri adesso, hmm.",
German,"Da sind jetzt auch neue Gedanken, ja.",
Spanish_Spain,"Hay nuevos pensamientos ahora, sí.",
Spanish_LATAM,"Hay nuevos pensamientos ahora, sí.",
Korean,"그래요, 새로운 생각이 나는군요.",
Russian,,
Japanese,ああ、別のことが頭に浮かんできた。,
Portuguese_Brazil,Ela tem novos pensamentos.,
Chinese_Simplified,是的，我能想点别的了。,
Chinese_Traditional,有的，的確有新念頭。,
Polish,,
Turkish,,
Swedish,,
Thai,,
Arabic,,
Key,Rando02_RAW-0063-Customer,
English_US,I am thinking of long division.,
Description,"""Long division"" is a method for solving division problems in math",
French,Je pense à une longue division.,
Italian,Sto pensando alla divisione con la virgola.,
German,Ich denke an schriftliche Division.,
Spanish_Spain,Estoy pensando en una división larga.,
Spanish_LATAM,Estoy pensando en una división larga.,
Korean,나눗셈의 세로셈법을 생각하고 있어요.,
Russian,,
Japanese,長除法のことを考えてる。,
Portuguese_Brazil,Estou pensando sobre divisão longa.,
Chinese_Simplified,我想到了竖式除法。,
Chinese_Traditional,我現在想到長除法。,
Polish,,
Turkish,,
Swedish,,
Thai,,
Arabic,,
Key,Rando02_RAW-0064-Alta,
English_US,"Is that, uh, good?",
Description,,
French,"Et c'est… euh… agréable ?",
Italian,È… una cosa buona?,
German,"Ist das, äh, gut?",
Spanish_Spain,"¿Eso es, eh... bueno?",
Spanish_LATAM,"Eso es, eh... ¿bueno?",
Korean,그게... 좋은 건가요?,
Russian,,
Japanese,それは、その…いいことか？,
Portuguese_Brazil,"E isso é, ahm, bom?",
Chinese_Simplified,这，呃，是好事吗？,
Chinese_Traditional,這是，呃，好事嗎？,
Polish,,
Turkish,,
Swedish,,
Thai,,
Arabic,,
Key,Rando02_RAW-0065-Customer,
English_US,Hmm....,
Description,,
French,Hum…,
Italian,Hmm....,
German,Mmh …,
Spanish_Spain,Mmm...,
Spanish_LATAM,Mmm...,
Korean,흐음...,
Russian,,
Japanese,ふむ…,
Portuguese_Brazil,Hmm....,
Chinese_Simplified,唔……,
Chinese_Traditional,嗯……,
Polish,,
Turkish,,
Swedish,,
Thai,,
Arabic,,
Key,Rando02_RAW-0066-Customer,
English_US,...yes. It seems I am good at long division.,
Description,,
French,"… oui. J'ai l'impression d'avoir du talent pour les longues divisions.",
Italian,… Sì. Me la cavo a fare i calcoli a mano.,
German,"… Ja. Sieht aus, als wäre ich gut im schriftlichen Dividieren.",
Spanish_Spain,Sí... Parece que se me dan bien las divisiones largas.,
Spanish_LATAM,Sí... Parece que las divisiones largas son lo mío.,
Korean,...네. 세로셈법이 적성에 맞는 것 같아요.,
Russian,,
Japanese,…ああ。どうやら私は長除法が得意らしい。,
Portuguese_Brazil,Sim. Parece que tenho talento pra divisão longa.,
Chinese_Simplified,……是的。看来我很擅长竖式除法。,
Chinese_Traditional,……是的。我好像很擅長長除法。,
Polish,,
Turkish,,
Swedish,,
Thai,,
Arabic,,
Key,Rando02_RAW-0067-Customer,
English_US,...no. The thoughts are the same as before.,
Description,,
French,"… non. Les pensées sont les mêmes qu'avant.",
Italian,… No. I pensieri sono gli stessi di prima.,
German,… Nein. Die Gedanken sind dieselben wie vorher.,
Spanish_Spain,No... Los pensamientos son los mismos que antes.,
Spanish_LATAM,No... Los pensamientos son los mismos que antes.,
Korean,...별로요. 주의가 분산되지는 않았어요.,
Russian,,
Japanese,…いや。考えてることは、さっきと変わらない。,
Portuguese_Brazil,Não. Os pensamentos são os mesmos de antes.,
Chinese_Simplified,……没有。我的想法还是和原来一样。,
Chinese_Traditional,……不。我的思緒變得跟之前一樣。,
Polish,,
Turkish,,
Swedish,,
Thai,,
Arabic,,
Key,Rando02_RAW-0068-Customer,
English_US,"But it is okay. Simply for the pain to be less, this is good.",
Description,,
French,"Mais ça va. Le fait que la douleur diminue, c'est déjà bon.",
Italian,"Ma va bene così. Basta che il dolore sia diminuito, è già un bene.",
German,"Aber ist schon gut. Dass der Schmerz nachlässt, reicht schon.",
Spanish_Spain,"Pero está bien. Solo para que el dolor sea menor, es bueno.",
Spanish_LATAM,"Pero está bien. Mientras el dolor sea menor, está bien.",
Korean,하지만 괜찮아요. 통증이 줄어든 것만으로 좋습니다.,
Russian,,
Japanese,でもいいさ。痛みがマシになっただけでも儲けものだ。,
Portuguese_Brazil,Mas tudo bem. Só de a dor diminuir é bom.,
Chinese_Simplified,不过没事的。起码疼痛已经得到了缓解，这也不错。,
Chinese_Traditional,但沒關係。光是疼痛減緩，就很好了。,
Polish,,
Turkish,,
Swedish,,
Thai,,
Arabic,,
Key,Rando02_RAW-0069-Customer,
English_US,"I am grateful, thank you.",
Description,,
French,Je te remercie.,
Italian,"Ti sono riconoscente, grazie.",
German,Ich bin dir sehr dankbar.,
Spanish_Spain,Te lo agradezco. Gracias.,
Spanish_LATAM,Te lo agradezco. Gracias.,
Korean,감사하게 생각해요.,
Russian,,
Japanese,助かったよ。ありがとう。,
Portuguese_Brazil,Agradeço.,
Chinese_Simplified,我很感激，谢谢你。,
Chinese_Traditional,我很感激，謝謝你。,
Polish,,
Turkish,,
Swedish,,
Thai,,
Arabic,,
Key,Rando02_RAW-0070-Customer,
English_US,...no. The pain is feeling the same as before.,
Description,,
French,"… non. La douleur n'a pas changé.",
Italian,...No. Il dolore è lo stesso di prima.,
German,… Nein. Der Schmerz fühlt sich so an wie vorher.,
Spanish_Spain,No... Me duele igual que antes.,
Spanish_LATAM,No... Me duele igual que antes.,
Korean,...아니요. 통증은 이전과 똑같아요.,
Russian,,
Japanese,…いや。胸の痛みは、さっきと変わらない。,
Portuguese_Brazil,Não. A dor está igual a antes.,
Chinese_Simplified,……没有。感觉和原来一样疼。,
Chinese_Traditional,……不。疼痛的感覺跟之前一樣。,
Polish,,
Turkish,,
Swedish,,
Thai,,
Arabic,,
Key,Rando02_RAW-0071-Alta,
English_US,"I'll try again, maybe we have something else that helps with pain.",
Description,,
French,Je vais réessayer. On a peut-être autre chose contre la douleur.,
Italian,"Ci riproverò, forse abbiamo qualcos'altro che può aiutare con il dolore.",
German,"Ich versuche es noch mal, vielleicht haben wir was gegen die Schmerzen.",
Spanish_Spain,"Lo intentaré de nuevo, tal vez tengamos algo más que alivie el dolor.",
Spanish_LATAM,Lo intentaré de nuevo. Tal vez tengamos algo más que alivie el dolor.,
Korean,다시 만들어올게요. 통증에 도움이 되는 게 있을지도 몰라요.,
Russian,,
Japanese,淹れ直すよ。痛みに効く材料が他にあるかもしれない。,
Portuguese_Brazil,"Vou tentar de novo, talvez a gente tenha outra coisa que ajude com a dor.",
Chinese_Simplified,那我再试试，店里应该有能够镇痛的材料。,
Chinese_Traditional,我會再試一次，或許我們有其他能夠舒緩疼痛的東西。,
Polish,,
Turkish,,
Swedish,,
Thai,,
Arabic,,
Key,Rando02_RAW-0072-Customer,
English_US,Yes. Okay.,
Description,,
French,Oui. OK.,
Italian,Sì. Va bene.,
German,Ja. Okay.,
Spanish_Spain,Sí. Vale.,
Spanish_LATAM,Sí. Está bien.,
Korean,그래요. 좋습니다.,
Russian,,
Japanese,ああ、頼む。,
Portuguese_Brazil,Sim. Tá.,
Chinese_Simplified,是吗。好的。,
Chinese_Traditional,好。沒問題。,
Polish,,
Turkish,,
Swedish,,
Thai,,
Arabic,,
Key,Rando02_RAW-0073-Alta,
English_US,"Oh, I'm sorry.",
Description,,
French,"Oh, je suis désolée.",
Italian,"Oh, mi dispiace.",
German,"Oh, tut mir leid.",
Spanish_Spain,"Oh, lo siento.",
Spanish_LATAM,"Ay, perdón.",
Korean,"이런, 미안해요.",
Russian,,
Japanese,そうか、残念だな。,
Portuguese_Brazil,"Ah, sinto muito.",
Chinese_Simplified,哦，很抱歉。,
Chinese_Traditional,噢，抱歉。,
Polish,,
Turkish,,
Swedish,,
Thai,,
Arabic,,
Key,Rando02_RAW-0074-Customer,
English_US,...,
Description,,
French,…,
Italian,...,
German,…,
Spanish_Spain,...,
Spanish_LATAM,...,
Korean,...,
Russian,,
Japanese,…,
Portuguese_Brazil,...,
Chinese_Simplified,……,
Chinese_Traditional,……,
Polish,,
Turkish,,
Swedish,,
Thai,,
Arabic,,
Key,Rando02_RAW-0075-Customer,
English_US,...no. It is good to think of this. Better than chest pain.,
Description,,
French,"… non. C'est bon de penser à ça. C'est mieux que la douleur dans la poitrine.",
Italian,… No. È meglio pensare a questo che al dolore al petto.,
German,"… Nein. Es tut gut, daran zu denken. Besser als Brustschmerzen.",
Spanish_Spain,No... Es bueno pensar en esto. Mejor que el dolor de pecho.,
Spanish_LATAM,No... Es bueno pensar en esto. Mejor que el dolor de pecho.,
Korean,...아니요. 이런 생각도 좋아요. 가슴 통증을 생각하는 것보다는요.,
Russian,,
Japanese,…いや、これでいい。胸の痛みのことを考えるよりマシさ。,
Portuguese_Brazil,Não. É bom pensar nisso. Melhor do que a dor no peito.,
Chinese_Simplified,……不。能想到这些真好。比光想着胸疼好多了。,
Chinese_Traditional,……不。這樣想還滿好的。比胸痛好。,
Polish,,
Turkish,,
Swedish,,
Thai,,
Arabic,,
Key,Rando02_RAW-0076-Customer,
English_US,"Yes, I am glad for the distracting thought. Thank you.",
Description,,
French,"Oui, je me réjouis de cette pensée qui me change les idées. Merci.",
Italian,"Sì, sono felice di avere un pensiero che mi distrae. Grazie.",
German,"Ja, ich bin froh über die ablenkenden Gedanken. Danke.",
Spanish_Spain,"Sí, me alegro por el pensamiento que me distrae. Gracias.",
Spanish_LATAM,"Sí, me alegro por el pensamiento que me distrae. Gracias.",
Korean,"그래요, 주의가 분산되어서 다행입니다. 감사합니다.",
Russian,,
Japanese,ああ、気が紛れてよかったよ。ありがとう。,
Portuguese_Brazil,"Sim, fico feliz pelo pensamento que distrai. Agradeço.",
Chinese_Simplified,是的，我很开心产生了能分散注意力的想法。谢谢你。,
Chinese_Traditional,太好了，我很高興你能轉移注意力。謝謝你。,
Polish,,
Turkish,,
Swedish,,
Thai,,
Arabic,,
Key,Rando02_RAW-0077-Customer,
English_US,"This is good. I am glad to have it, this cup of tea.",
Description,,
French,"C'est bon. Je me réjouis de l'avoir, cette tasse de thé.",
Italian,"È buono. Mi fa piacere di averla, questa tazza di tè.",
German,"Das ist gut. Ich bin froh, diese Tasse Tee zu haben.",
Spanish_Spain,Bien. Me alegro de tener esta taza de té.,
Spanish_LATAM,Bien. Me alegro de tener esta taza de té.,
Korean,좋군요. 이 차를 마셔보길 잘했어요.,
Russian,,
Japanese,いい気分だ。このお茶を飲めてよかった。,
Portuguese_Brazil,"Isso é bom. Fico feliz por isso, essa xícara de chá.",
Chinese_Simplified,很好喝。我很高兴能喝到这杯茶。,
Chinese_Traditional,很好。我很慶幸能喝這杯茶。,
Polish,,
Turkish,,
Swedish,,
Thai,,
Arabic,,
Key,Rando02_RAW-0078-Customer,
English_US,"I must do something, in exchange.",
Description,,
French,"Je dois faire quelque chose, en échange.",
Italian,Devo fare qualcosa per sdebitarmi.,
German,Ich muss etwas zum Dank machen.,
Spanish_Spain,Debo hacer algo a cambio.,
Spanish_LATAM,Debo hacer algo a cambio.,
Korean,저도 뭔가 해드리고 싶습니다.,
Russian,,
Japanese,お返しに、何かしなくちゃな。,
Portuguese_Brazil,Preciso fazer alguma coisa em troca.,
Chinese_Simplified,我是知恩图报的人。,
Chinese_Traditional,我必須有所回報。,
Polish,,
Turkish,,
Swedish,,
Thai,,
Arabic,,
Key,Rando02_RAW-0079-Customer,
English_US,"I will... I will make you something. As a gift, for the tea.",
Description,,
French,"Je vais… je vais te faire quelque chose. En cadeau, pour le thé.",
Italian,"Io... ti preparerò qualcosa. Come regalo, per il tè che mi hai offerto.",
German,"Ich werde … Ich werde mir etwas einfallen lassen. Als Geschenk, für den Tee.",
Spanish_Spain,"Yo… Te haré algo. Un regalo, por el té.",
Spanish_LATAM,Te haré... Te haré algo. Un regalo por el té.,
Korean,음... 물건을 만들어드릴게요. 차에 대한 보답으로요.,
Russian,,
Japanese,そうだな…何か作ってやろう。お茶のお礼だ。,
Portuguese_Brazil,"Vou... vou fazer alguma coisa pra você. De presente, pelo chá.",
Chinese_Simplified,就……让我为你打造点什么吧。作为这杯茶的回礼。,
Chinese_Traditional,我要……我要做個東西給你。當作答謝茶的禮物。,
Polish,,
Turkish,,
Swedish,,
Thai,,
Arabic,,
Key,Rando02_RAW-0080-Customer,
English_US,"A wind chime. Yes. I will build a wind chime, for your shop.",
Description,A wind chime is a device that makes pleasant sounds as wind blows through it,
French,"Un carillon. Oui, je vais fabriquer un carillon, pour ton salon.",
Italian,Campane al vento... hmm. Costruirò delle campane al vento per la tua bottega.,
German,Ein Windspiel. Ja. Ich baue ein Windspiel für euren Laden.,
Spanish_Spain,Un carillón de viento. Sí. Te haré un carillón de viento para tu tienda.,
Spanish_LATAM,Unas campanas de viento. Sí. Te haré unas campanas de viento para la tienda.,
Korean,풍경. 그래요. 가게에 둘 풍경을 만들겠습니다.,
Russian,,
Japanese,ウィンドチャイムだな。うん、店に置くウィンドチャイムを作るよ。,
Portuguese_Brazil,Um sino de vento. Isso. Vou fazer um sino de vento pra sua loja.,
Chinese_Simplified,做个风铃吧。是的。让我为你们店打造一串风铃吧。,
Chinese_Traditional,一個風鈴。好。我要為你的茶屋製作一個風鈴。,
Polish,,
Turkish,,
Swedish,,
Thai,,
Arabic,,
Key,Rando02_RAW-0081-Customer,
English_US,Is this acceptable?,
Description,,
French,Ça irait ?,
Italian,Può bastare?,
German,Ist das annehmbar?,
Spanish_Spain,¿Te parece aceptable?,
Spanish_LATAM,¿Te parece aceptable?,
Korean,받으시겠어요?,
Russian,,
Japanese,それでいいかい？,
Portuguese_Brazil,Isso é aceitável?,
Chinese_Simplified,这合你心意吗？,
Chinese_Traditional,可以嗎？,
Polish,,
Turkish,,
Swedish,,
Thai,,
Arabic,,
Key,Rando02_RAW-0082-Choice,
English_US,Yes.,
Description,,
French,Oui.,
Italian,Sì.,
German,Ja.,
Spanish_Spain,Sí.,
Spanish_LATAM,Sí.,
Korean,그래요.,
Russian,,
Japanese,はい,
Portuguese_Brazil,Sim.,
Chinese_Simplified,是。,
Chinese_Traditional,好。,
Polish,,
Turkish,,
Swedish,,
Thai,,
Arabic,,
Key,Rando02_RAW-0083-Choice,
English_US,No.,
Description,,
French,Non.,
Italian,No.,
German,Nein.,
Spanish_Spain,No.,
Spanish_LATAM,No.,
Korean,아니에요.,
Russian,,
Japanese,いいえ,
Portuguese_Brazil,Não.,
Chinese_Simplified,否。,
Chinese_Traditional,不行。,
Polish,,
Turkish,,
Swedish,,
Thai,,
Arabic,,
Key,Rando02_RAW-0084-Customer,
English_US,Okay. It will take a moment. I will return.,
Description,From [0082-Choice],
French,OK. Ça va prendre un moment. Je reviendrai.,
Italian,Va bene. Ci vorrà un attimo. Torno fra pochissimo.,
German,Okay. Es wird einen Moment dauern. Ich komme wieder.,
Spanish_Spain,Vale. Tardaré un momento. Ahora vuelvo.,
Spanish_LATAM,Bien. Me tardaré unos momentos. Ya vuelvo.,
Korean,좋습니다. 잠시 기다려주세요. 곧 돌아올게요.,
Russian,,
Japanese,よし、少し時間をくれ。また戻ってくる。,
Portuguese_Brazil,Tá. Vai demorar um pouco. Já volto.,
Chinese_Simplified,好的。这会费点时间。我马上回来。,
Chinese_Traditional,好。這會花一點時間。我會回來。,
Polish,,
Turkish,,
Swedish,,
Thai,,
Arabic,,
Key,Rando02_RAW-0085-Customer,
English_US,Okay. Then I will not build the wind chime.,
Description,From [0083-Choice],
French,OK. Je ne fabriquerai pas de carillon.,
Italian,Va bene. Allora non costruirò le campane al vento.,
German,Okay. Dann baue ich das Windspiel nicht.,
Spanish_Spain,Vale. Entonces no haré el carillón de viento.,
Spanish_LATAM,Bien. Entonces no haré las campanas de viento.,
Korean,"좋습니다. 그럼, 풍경은 만들지 않을게요.",
Russian,,
Japanese,そうか。じゃあウィンドチャイムはやめとこう。,
Portuguese_Brazil,Tá. Então não vou fazer um sino de vento.,
Chinese_Simplified,好吧。那我就不造风铃了。,
Chinese_Traditional,好。那我就不要製作風鈴。,
Polish,,
Turkish,,
Swedish,,
Thai,,
Arabic,,
Key,Rando02_RAW-0086-Customer,
English_US,Hello.,
Description,,
French,Salut.,
Italian,Salve.,
German,Hallo.,
Spanish_Spain,Hola.,
Spanish_LATAM,Hola.,
Korean,안녕하세요.,
Russian,,
Japanese,やあ。,
Portuguese_Brazil,Oi.,
Chinese_Simplified,你好。,
Chinese_Traditional,哈囉。,
Polish,,
Turkish,,
Swedish,,
Thai,,
Arabic,,
Key,Rando02_RAW-0087-Customer,
English_US,I have done it. I have built the wind chime.,
Description,,
French,"Je l'ai fait. J'ai fabriqué le carillon.",
Italian,"L'ho fatto. Ho costruito le campane al vento.",
German,Ich bin fertig. Ich habe das Windspiel gebaut.,
Spanish_Spain,Ya está. He construido el carillón de viento.,
Spanish_LATAM,Ya está. Hice las campanas de viento.,
Korean,완성했어요. 풍경을 만들었습니다.,
Russian,,
Japanese,出来たよ。ウィンドチャイムが完成した。,
Portuguese_Brazil,Pronto. Eu fiz um sino de vento.,
Chinese_Simplified,搞定。我已经打造了一串风铃。,
Chinese_Traditional,我完成了。我完成風鈴了。,
Polish,,
Turkish,,
Swedish,,
Thai,,
Arabic,,
Key,Rando02_RAW-0088-Customer,
English_US,"It is there, now. It is good.",
Description,,
French,Il est là. Il est bien.,
Italian,"L'ho messe là.",
German,Hier ist es. Es ist gut.,
Spanish_Spain,Ahí lo tienes. Es bueno.,
Spanish_LATAM,Ahí las tienes. Son buenas.,
Korean,저기 있어요. 괜찮네요.,
Russian,,
Japanese,ほら、そこに。いい感じだろ。,
Portuguese_Brazil,Está aqui. É dos bons.,
Chinese_Simplified,看，就在那儿。好看吧。,
Chinese_Traditional,現在就在那裡。很好。,
Polish,,
Turkish,,
Swedish,,
Thai,,
Arabic,,
Key,Rando02_RAW-0089-Alta,
English_US,"Uh, thanks.",
Description,,
French,Euh… merci.,
Italian,"Ah, ti ringrazio.",
German,"Äh, danke.",
Spanish_Spain,"Ah, gracias.",
Spanish_LATAM,Gracias...,
Korean,"아, 고마워요.",
Russian,,
Japanese,ええと、どうも。,
Portuguese_Brazil,"Ahm, valeu.",
Chinese_Simplified,呃，多谢。,
Chinese_Traditional,呃，感謝。,
Polish,,
Turkish,,
Swedish,,
Thai,,
Arabic,,
Key,Rando02_RAW-0090-Customer,
English_US,...yes.,
Description,,
French,… oui.,
Italian,… Hmm.,
German,… Ja.,
Spanish_Spain,Sí...,
Spanish_LATAM,Sí...,
Korean,...네.,
Russian,,
Japanese,…よし。,
Portuguese_Brazil,Sim.,
Chinese_Simplified,……是的。,
Chinese_Traditional,……好。,
Polish,,
Turkish,,
Swedish,,
Thai,,
Arabic,,
Key,Rando02_RAW-0091-Customer,
English_US,I must leave now.,
Description,,
French,Je dois y aller maintenant.,
Italian,Ora devo andare.,
German,Ich muss jetzt los.,
Spanish_Spain,Ahora tengo que irme.,
Spanish_LATAM,Ahora tengo que irme.,
Korean,가봐야겠네요.,
Russian,,
Japanese,もう行かないと。,
Portuguese_Brazil,Preciso ir agora.,
Chinese_Simplified,我必须离开了。,
Chinese_Traditional,我必須走了。,
Polish,,
Turkish,,
Swedish,,
Thai,,
Arabic,,
Key,Rando02_RAW-0092-Customer,
English_US,Thank you for the tea. Yes. It was good.,
Description,,
French,Merci pour le thé. Il était bon.,
Italian,Grazie per il tè. Hmm. Mi ha fatto bene.,
German,Danke für den Tee. Ja. Er war gut.,
Spanish_Spain,Gracias por el té. Sí. Estaba bueno.,
Spanish_LATAM,Gracias por el té. Sí. Estaba bueno.,
Korean,차 고마워요. 그래요. 맛있었어요.,
Russian,,
Japanese,ごちそうさま。うまいお茶だった。,
Portuguese_Brazil,Agradeço pelo chá. Sim. Estava bom.,
Chinese_Simplified,谢谢你的茶。是的。茶非常好喝。,
Chinese_Traditional,謝謝你泡的茶。好。非常好。,
Polish,,
Turkish,,
Swedish,,
Thai,,
Arabic,,
Key,Rando02_RAW-0093-Customer,
English_US,...yes. Okay. Goodbye.,
Description,,
French,… bon. Très bien. Au revoir.,
Italian,… Hmm. Va bene. Arrivederci.,
German,… Ja. Okay. Leb wohl.,
Spanish_Spain,Sí... Vale. Adiós.,
Spanish_LATAM,Sí... Está bien. Adiós.,
Korean,...네. 그래요. 잘 있어요.,
Russian,,
Japanese,…よし。行くよ。それじゃ。,
Portuguese_Brazil,Sim. Tá. Tchau.,
Chinese_Simplified,……嗯。好的。再见。,
Chinese_Traditional,……好。就這樣。再會。,
Polish,,
Turkish,,
Swedish,,
Thai,,
Arabic,,
Key,Rando02_RAW-0094-Alta,
English_US,"You said you wanted tea to help with your pain, and also to take your mind off it. Is that right?",
Description,,
French,"Tu as dit que tu voulais un thé pour soulager ta douleur et aussi pour ne plus y penser, c'est exact ?",
Italian,Hai detto che volevi un tè che alleviasse il tuo dolore e anche per distrarti da esso. È giusto?,
German,"Du meintest, du willst Tee gegen die Schmerzen und zur Ablenkung. Stimmt das?",
Spanish_Spain,Dijiste que querías té para ayudarte con el dolor y también para distraerte. ¿Correcto?,
Spanish_LATAM,"Dijiste que querías té para ayudarte con el dolor y también para distraerte, ¿correcto?",
Korean,통증에 도움이 되고 통증에서 주의를 돌려주는 차. 이렇게 주문하신 게 맞나요?,
Russian,,
Japanese,あんたが注文したのは、痛みが和らいで、そのうえ気が紛れるお茶だよね。合ってる？,
Portuguese_Brazil,Você disse que queria chá pra ajudar com a sua dor e também pra tirar a mente dela. É isso?,
Chinese_Simplified,您想要能缓解疼痛的茶，最好还能让自己别老想着疼。对吧？,
Chinese_Traditional,你說你想要能夠舒緩疼痛並讓你轉移注意力的茶。對嗎？,
Polish,,
Turkish,,
Swedish,,
Thai,,
Arabic,,
Key,Rando02_RAW-0095-Customer,
English_US,Yes. That is correct.,
Description,,
French,"Oui, c'est exact.",
Italian,Sì. Giusto.,
German,Ja. Das stimmt.,
Spanish_Spain,Sí. Así es.,
Spanish_LATAM,Sí. Así es.,
Korean,그래요. 맞습니다.,
Russian,,
Japanese,ああ、そのとおりだ。,
Portuguese_Brazil,Sim. Correto.,
Chinese_Simplified,是的。没错。,
Chinese_Traditional,好。正確。,
Polish,,
Turkish,,
Swedish,,
Thai,,
Arabic,,
Key,Rando02_RAW-0096-Customer,
English_US,Is this tea?,
Description,,
French,"C'est du thé ?",
Italian,È questo il tè?,
German,Ist das Tee?,
Spanish_Spain,¿Es esto té?,
Spanish_LATAM,¿Esto es té?,
Korean,차가 나온 건가요?,
Russian,,
Japanese,これが、お茶かい？,
Portuguese_Brazil,Isso é chá?,
Chinese_Simplified,这是我的茶吗？,
Chinese_Traditional,這是茶嗎？,
Polish,,
Turkish,,
Swedish,,
Thai,,
Arabic,,
Key,Rando02_RAW-0097-Alta,
English_US,"No, it's an empty cup.",
Description,,
French,"Non, c'est une tasse vide.",
Italian,"No, è una tazza vuota.",
German,"Nein, das ist eine leere Tasse.",
Spanish_Spain,"No, es una taza vacía.",
Spanish_LATAM,"No, es una taza vacía.",
Korean,"아니요, 그냥 빈 잔이에요.",
Russian,,
Japanese,いや、空っぽのカップだ。,
Portuguese_Brazil,"Não, é uma xícara vazia.",
Chinese_Simplified,不，这杯是空的。,
Chinese_Traditional,不是，這只是空杯。,
Polish,,
Turkish,,
Swedish,,
Thai,,
Arabic,,
Key,Rando02_RAW-0098-Alta,
English_US,"You said you wanted tea to help with your pain, and also to take your mind off it. Is that right?",
Description,,
French,"Tu as dit que tu voulais un thé pour soulager ta douleur et aussi pour ne plus y penser, c'est exact ?",
Italian,Hai detto che volevi un tè che alleviasse il tuo dolore e anche per distrarti da esso. È giusto?,
German,"Du meintest, du willst Tee gegen die Schmerzen und zur Ablenkung. Stimmt das?",
Spanish_Spain,Dijiste que querías té para ayudarte con el dolor y también para distraerte. ¿Correcto?,
Spanish_LATAM,"Dijiste que querías té para ayudarte con el dolor y también para distraerte, ¿correcto?",
Korean,통증에 도움이 되고 통증에서 주의를 돌려주는 차. 이렇게 주문하신 게 맞나요?,
Russian,,
Japanese,あんたが注文したのは、痛みが和らいで、そのうえ気が紛れるお茶だよね。合ってる？,
Portuguese_Brazil,Você disse que queria chá pra ajudar com a sua dor e também pra tirar a mente dela. É isso?,
Chinese_Simplified,您想要能缓解疼痛的茶，最好还能让自己别老想着疼。对吧？,
Chinese_Traditional,你說你想要能夠舒緩疼痛並讓你轉移注意力的茶。對嗎？,
Polish,,
Turkish,,
Swedish,,
Thai,,
Arabic,,
Key,Rando02_RAW-0099-Customer,
English_US,Yes. That is correct.,
Description,,
French,"Oui, c'est exact.",
Italian,Sì. Giusto.,
German,Ja. Das stimmt.,
Spanish_Spain,Sí. Así es.,
Spanish_LATAM,Sí. Así es.,
Korean,그래요. 맞습니다.,
Russian,,
Japanese,ああ、そのとおりだ。,
Portuguese_Brazil,Sim. Correto.,
Chinese_Simplified,是的。没错。,
Chinese_Traditional,好。正確。,
Polish,,
Turkish,,
Swedish,,
Thai,,
Arabic,,
Key,Rando02_RAW-0100-Customer,
English_US,Is this tea?,
Description,,
French,"C'est du thé ?",
Italian,È questo il tè?,
German,Ist das Tee?,
Spanish_Spain,¿Es esto té?,
Spanish_LATAM,¿Esto es té?,
Korean,차가 나온 건가요?,
Russian,,
Japanese,これが、お茶かい？,
Portuguese_Brazil,Isso é chá?,
Chinese_Simplified,这是我的茶吗？,
Chinese_Traditional,這是茶嗎？,
Polish,,
Turkish,,
Swedish,,
Thai,,
Arabic,,
Key,Rando02_RAW-0101-Alta,
English_US,"No, this cup is too dirty.",
Description,,
French,"Non, cette tasse est trop sale.",
Italian,"No, questa tazza è troppo sporca.",
German,"Nein, diese Tasse ist zu schmutzig.",
Spanish_Spain,"No, esta taza está muy sucia.",
Spanish_LATAM,"No, esta taza está muy sucia.",
Korean,"아니요, 이 잔은 너무 더러워요.",
Russian,,
Japanese,いや、このカップは汚れてる。,
Portuguese_Brazil,"Não, essa xícara está muito suja.",
Chinese_Simplified,不是，这个杯子太脏了。,
Chinese_Traditional,不要，這杯子太髒了。,
Polish,,
Turkish,,
Swedish,,
Thai,,
Arabic,,
Key,Rando02_RAW-0102-Alta,
English_US,"You said you wanted tea to help with your pain, and also to take your mind off it. Is that right?",
Description,,
French,"Tu as dit que tu voulais un thé pour soulager ta douleur et aussi pour ne plus y penser, c'est exact ?",
Italian,Hai detto che volevi un tè che alleviasse il tuo dolore e anche per distrarti da esso. È giusto?,
German,"Du meintest, du willst Tee gegen die Schmerzen und zur Ablenkung. Stimmt das?",
Spanish_Spain,Dijiste que querías té para ayudarte con el dolor y también para distraerte. ¿Correcto?,
Spanish_LATAM,"Dijiste que querías té para ayudarte con el dolor y también para distraerte, ¿correcto?",
Korean,통증에 도움이 되고 통증에서 주의를 돌려주는 차. 이렇게 주문하신 게 맞나요?,
Russian,,
Japanese,あんたが注文したのは、痛みが和らいで、そのうえ気が紛れるお茶だよね。合ってる？,
Portuguese_Brazil,Você disse que queria chá pra ajudar com a sua dor e também pra tirar a mente dela. É isso?,
Chinese_Simplified,您想要能缓解疼痛的茶，最好还能让自己别老想着疼。对吧？,
Chinese_Traditional,你說你想要能夠舒緩疼痛並讓你轉移注意力的茶。對嗎？,
Polish,,
Turkish,,
Swedish,,
Thai,,
Arabic,,
Key,Rando02_RAW-0103-Customer,
English_US,Yes. That is correct.,
Description,,
French,"Oui, c'est exact.",
Italian,Sì. Giusto.,
German,Ja. Das stimmt.,
Spanish_Spain,Sí. Así es.,
Spanish_LATAM,Sí. Así es.,
Korean,그래요. 맞습니다.,
Russian,,
Japanese,ああ、そのとおりだ。,
Portuguese_Brazil,Sim. Correto.,
Chinese_Simplified,是的。没错。,
Chinese_Traditional,好。正確。,
Polish,,
Turkish,,
Swedish,,
Thai,,
Arabic,,
