Key,Business1_RAW-0000-Jerry,
English_US,Приветствую. Я {{Джерри}}.,
Description,,
French,Salut. Je suis {{Jerry}}.,
Italian,"Ehilà. Piacere, sono {{Jerry}}.",
German,Hallo. Ich bin {{Jerry}}.,
Spanish_Spain,Hola. Soy {{Jerry}}.,
Spanish_LATAM,Hola. Soy {{Jerry}}.,
Korean,안녕하세요. {{Jerry}}라고 합니다.,
Russian,Hullo. I am {{Jerry}}.,
Japanese,どーも、僕は{{ジェリー}}です。,
Portuguese_Brazil,Olá. Me chamo {{Jerry}}.,
Chinese_Simplified,哈啰。我是{{Jerry}}。,
Chinese_Traditional,哈囉。我是{{Jerry}}。,
Polish,,
Turkish,,
Swedish,,
Thai,,
Arabic,,
Key,Business1_RAW-0001-Jerry,
English_US,"Возможно, вы сможете мне помочь. Совещание скоро начнётся, и я выбиваюсь из графика.",
Description,"""Meeting as in, a business meeting in an office""",
French,Tu vas peut-être pouvoir m'aider. La réunion va bientôt commencer et je suis en retard.,
Italian,Forse puoi aiutarmi. La riunione sta per iniziare e sono in ritardo.,
German,Vielleicht kannst du mir helfen. Das Meeting fängt bald an und ich bin spät dran.,
Spanish_Spain,A lo mejor puedes ayudarme. La reunión comenzará pronto y voy con retraso.,
Spanish_LATAM,Quizás puedas ayudarme. La reunión comienza pronto y vengo un poco atrasado.,
Korean,좀 도와주세요. 곧 회의가 시작되는데 제가 늦었거든요.,
Russian,"Perhaps you can help me. The meeting will be starting soon, and I am running behind schedule.",
Japanese,力をお借りしたい。まもなく会議が始まるんです。このままでは遅刻してしまう。,
Portuguese_Brazil,Talvez você possa me ajudar. A reunião vai começar daqui a pouco e eu estou um pouco atrasado.,
Chinese_Simplified,能不能帮个忙？会议马上就要开始，而我却晚点了。,
Chinese_Traditional,或許你能幫我。會議就要開始了，而我已經超時了。,
Polish,,
Turkish,,
Swedish,,
Thai,,
Arabic,,
Key,Business1_RAW-0002-Jerry,
English_US,"Следовательно, мне нужно попасть в зал заседаний. Где зал заседаний?",
Description,A boardroom is a place where the managers of a company meet to do important business,
French,Il faut que j'aille à la salle de conférence. Où est la salle de conférence ?,
Italian,Devo recarmi alla sala riunioni. Dov'è la sala riunioni?,
German,Deshalb muss ich in den Sitzungssaal. Wo ist der Sitzungssaal?,
Spanish_Spain,"Por lo tanto, debo llegar a la sala de juntas. ¿Dónde está la sala de juntas?",
Spanish_LATAM,"Por lo tanto, debo llegar a la sala de juntas. ¿Dónde está la sala de juntas?",
Korean,빨리 회의실에 가야 합니다. 회의실은 어디죠?,
Russian,"Therefore, I must get to the boardroom. Where is the boardroom?",
Japanese,だから早く役員会議室に行かなくては。会議室はどこです？,
Portuguese_Brazil,"Portanto, preciso ir para a sala de reuniões. Onde fica a sala de reuniões?",
Chinese_Simplified,所以我必须找到会议室。请问会议室在哪？,
Chinese_Traditional,所以，我得去會議室。會議室在哪呢？,
Polish,,
Turkish,,
Swedish,,
Thai,,
Arabic,,
Key,Business1_RAW-0003-Choice,
English_US,Это чайная. Тут нет зала заседаний.,
Description,,
French,C'est un salon de thé ici. Il n'y a pas de salle de conférence.,
Italian,Questa è una bottega del tè. Non c'è nessuna sala riunioni.,
German,Das hier ist ein Teeladen. Wir haben keinen Sitzungssaal.,
Spanish_Spain,Esto es una tienda de té. No hay sala de juntas.,
Spanish_LATAM,Esto es una tienda de té. No hay sala de juntas.,
Korean,여긴 찻집인데요. 회의실은 없어요.,
Russian,This is a tea shop. There is no boardroom.,
Japanese,ここはティーハウスだ。役員会議室なんてない。,
Portuguese_Brazil,Essa é uma casa de chá. Não tem sala de reuniões.,
Chinese_Simplified,这里是茶馆。没有会议室。,
Chinese_Traditional,這是一間茶屋。沒有會議室。,
Polish,,
Turkish,,
Swedish,,
Thai,,
Arabic,,
Key,Business1_RAW-0004-Choice,
English_US,"О, он вон там. [неопределённо махнуть рукой]",
Description,the line in brackets indicates that Alta is gesturing around vaguely with her arm,
French,"Ah, c'est par là. [geste vague]",
Italian,"Oh, è di là. [con un gesto vago]",
German,"Oh, der ist da drüben. [Gestikuliere vage.]",
Spanish_Spain,"Ah, está por ahí. [Gesto vago]",
Spanish_LATAM,"Ah, está por ahí. [Gesto cansino]",
Korean,"아, 저기예요. [애매하게 가리키며]",
Russian,"Oh, it's over there. [gesture vaguely]",
Japanese,ああ、それならあっちだ。[適当に指し示す],
Portuguese_Brazil,"Ah, fica ali. [gesticular vagamente]",
Chinese_Simplified,哦，在那边。[含糊指出方向],
Chinese_Traditional,噢，就在那裡。[稍微比劃],
Polish,,
Turkish,,
Swedish,,
Thai,,
Arabic,,
Key,Business1_RAW-0005-Jerry,
English_US,"Понятно. Значит, зал заседаний не здесь?",
Description,From [0003-Choice],
French,"D'accord. Donc, la salle de conférence n'est pas ici ?",
Italian,Capisco. Quindi la sala riunioni non è qui?,
German,Verstehe. Der Sitzungssaal ist also nicht hier?,
Spanish_Spain,Ya veo. ¿Entonces la sala de juntas no está aquí?,
Spanish_LATAM,Ya veo. ¿Entonces la sala de juntas no está aquí?,
Korean,그렇군요. 회의실이 없다고요?,
Russian,I see. So the boardroom is not here?,
Japanese,なるほど。ここには役員会議室がないのですね？,
Portuguese_Brazil,"Entendi. Então, a sala de reuniões não é aqui?",
Chinese_Simplified,原来如此。会议室不在这里吗？,
Chinese_Traditional,啊，我明白了。所以這裡沒有會議室？,
Polish,,
Turkish,,
Swedish,,
Thai,,
Arabic,,
Key,Business1_RAW-0006-Alta,
English_US,Верно. Не здесь.,
Description,,
French,Exact. C'est pas ici.,
Italian,Esatto. Non lo è.,
German,Korrekt. Ist er nicht.,
Spanish_Spain,Correcto. No está aquí.,
Spanish_LATAM,Correcto. No está aquí.,
Korean,맞아요. 없어요.,
Russian,Correct. It is not.,
Japanese,そうだ。あるわけない。,
Portuguese_Brazil,Correto. Não é.,
Chinese_Simplified,没错。不在这里。,
Chinese_Traditional,是的。沒有。,
Polish,,
Turkish,,
Swedish,,
Thai,,
Arabic,,
Key,Business1_RAW-0007-Jerry,
English_US,Понятно. Что ж. Спасибо за информацию.,
Description,,
French,Je vois. Bon d'accord. Merci pour l'information.,
Italian,Capisco. Bene allora. Grazie per l'informazione.,
German,Verstehe. Nun dann. Danke für die Information.,
Spanish_Spain,Ya veo. Bueno. Gracias por la información.,
Spanish_LATAM,"Ya veo. Bueno, gracias por la información.",
Korean,그렇군요. 그래요. 알려주셔서 감사합니다.,
Russian,I see. Well then. Thank you for the information.,
Japanese,なるほど。では失礼。情報に感謝します。,
Portuguese_Brazil,"Entendi. Bom, agradeço pelas informações.",
Chinese_Simplified,原来如此。好吧。多谢告知。,
Chinese_Traditional,我懂了。好吧。感謝你的回答。,
Polish,,
Turkish,,
Swedish,,
Thai,,
Arabic,,
Key,Business1_RAW-0008-Jerry,
English_US,"А, понятно. Спасибо за информацию. Я сейчас туда пойду.",
Description,From [0004-Choice],
French,"Ah, je vois. Merci pour l'information. Il faut que j'y aille.",
Italian,"Ah, capisco. Grazie per l'informazione. Vado subito.",
German,"Ah, ich verstehe. Danke für die Information. Dann gehe ich da jetzt hin.",
Spanish_Spain,"Ah, entiendo. Gracias por la información. Iré allí ahora.",
Spanish_LATAM,"Ah, entiendo. Gracias por la información. Voy para allá ahora.",
Korean,"아, 그렇군요. 알려주셔서 감사합니다. 어서 가야겠네요.",
Russian,"Ah, I see. Thank you for the information. I will go there now.",
Japanese,ああ、なるほど。どうもありがとう。行ってみます。,
Portuguese_Brazil,"Ah, entendi. Agradeço pelas informações. Vou até lá agora.",
Chinese_Simplified,啊，原来如此。多谢告知。我马上就去。,
Chinese_Traditional,啊，我明白了。感謝你的回答。我現在就過去。,
Polish,,
Turkish,,
Swedish,,
Thai,,
Arabic,,
Key,Business1_RAW-0009-Alta,
English_US,"Вы, эм, хотите чаю?",
Description,,
French,Tu veux… euh… du thé ?,
Italian,Vuoi… del tè?,
German,"Möchtest du, äh, Tee?",
Spanish_Spain,¿Quieres... té?,
Spanish_LATAM,¿Quieres... té?,
Korean,"혹시 음, 차 드릴까요?",
Russian,"Do you, uh, want tea?",
Japanese,あの…お茶はどう？,
Portuguese_Brazil,"Você, ahm, quer chá?",
Chinese_Simplified,呃，你要茶吗？,
Chinese_Traditional,你想要，呃，來杯茶嗎？,
Polish,,
Turkish,,
Swedish,,
Thai,,
Arabic,,
Key,Business1_RAW-0010-Jerry,
English_US,"Нет, я не пью чай. Но я возьму один кофе, спасибо.",
Description,,
French,"Non, je ne bois pas de thé. Mais je prendrai un café, s'il te plaît.",
Italian,"No, non bevo tè. Ma prenderò un caffè, grazie.",
German,"Nein, ich trinke keinen Tee. Aber ich nehme einen Kaffee, danke.",
Spanish_Spain,"No, no tomo té. Pero tomaré un café, gracias.",
Spanish_LATAM,"No, no tomo té. Pero me tomaré un café. Gracias.",
Korean,"아니요, 차는 안 마셔요. 커피로 부탁해요. 감사합니다.",
Russian,"No, I do not drink tea. But I will take one coffee, thank you.",
Japanese,いえ、お茶は飲まないので。でもコーヒーならいただきます。,
Portuguese_Brazil,"Não, não bebo chá. Mas aceito um café, obrigado.",
Chinese_Simplified,不，我不喝茶。但我想来杯咖啡，谢谢。,
Chinese_Traditional,不了，我不喝茶。但我想喝杯咖啡，謝囉。,
Polish,,
Turkish,,
Swedish,,
Thai,,
Arabic,,
Key,Business1_RAW-0011-Choice,
English_US,"У нас здесь нет кофе, только чай.",
Description,,
French,"On n'a pas de café ici, seulement du thé.",
Italian,"Non abbiamo caffè, solo tè.",
German,"Wir haben hier keinen Kaffee, nur Tee.",
Spanish_Spain,"Aquí no tenemos café, solo té.",
Spanish_LATAM,Aquí no tenemos café. Servimos té.,
Korean,커피는 안 돼요. 차밖에 없어서요.,
Russian,"We don't have coffee here, only tea.",
Japanese,うちにはコーヒーはない。お茶だけだ。,
Portuguese_Brazil,"Não temos café aqui, só chá.",
Chinese_Simplified,我们这没咖啡，只有茶。,
Chinese_Traditional,我們這裡沒有咖啡，只有茶。,
Polish,,
Turkish,,
Swedish,,
Thai,,
Arabic,,
Key,Business1_RAW-0012-Choice,
English_US,"Один кофе, сейчас будет.",
Description,,
French,Et un café !,
Italian,Un caffè in arrivo.,
German,"Ein Kaffee, kommt sofort.",
Spanish_Spain,Marchado un café.,
Spanish_LATAM,Marchado un café.,
Korean,커피 한 잔 준비하겠습니다.,
Russian,One coffee coming up.,
Japanese,コーヒーね。任せて。,
Portuguese_Brazil,Um café saindo.,
Chinese_Simplified,一杯咖啡，马上就来。,
Chinese_Traditional,一杯咖啡，馬上來。,
Polish,,
Turkish,,
Swedish,,
Thai,,
Arabic,,
Key,Business1_RAW-0013-Jerry,
English_US,"Хм. Нет, я не желаю чая. Я буду кофе.",
Description,From [0011-Choice],
French,"Hum… Non, je ne veux pas de thé. Je prendrai un café.",
Italian,"Hmm. No, non voglio il tè. Voglio un caffè.",
German,"Mmh. Nein, ich möchte keinen Tee. Ich nehme Kaffee.",
Spanish_Spain,"Mmm. No, no quiero té. Tomaré un café.",
Spanish_LATAM,"Mmm... No, no quiero té. Quiero un café.",
Korean,"흐음. 아니요, 차는 싫어요. 커피로 마시겠습니다.",
Russian,"Hmm. No, I do not wish for tea. I will have a coffee.",
Japanese,うーん。いや、お茶は結構です。コーヒーがいい。,
Portuguese_Brazil,"Hmm. Não, não quero chá. Aceito um café.",
Chinese_Simplified,唔。不，我不要茶。我就要咖啡。,
Chinese_Traditional,嗯。不，我不想喝茶。我要喝咖啡。,
Polish,,
Turkish,,
Swedish,,
Thai,,
Arabic,,
Key,Business1_RAW-0014-Alta,
English_US,"Вы... вы не понимаете, что я говорю? У нас нет кофе.",
Description,,
French,Est-ce que… tu comprends ce que je dis ? On n'a pas de café.,
Italian,Ma... non capisci quello che sto dicendo? Non abbiamo il caffè.,
German,"Verstehst …verstehst du nicht, was ich sage? Wir haben keinen Kaffee.",
Spanish_Spain,¿No... no entiendes lo que estoy diciendo? No tenemos café.,
Spanish_LATAM,¿Acaso... no entiendes lo que estoy diciendo? No tenemos café.,
Korean,이봐요... 내 말 못 알아들었어요? 여긴 커피가 없다고요.,
Russian,Do you... do you not understand what I'm saying? We don't have coffee.,
Japanese,ええと…話が通じてなかった？ うちはコーヒーは置いてないんだ。,
Portuguese_Brazil,Você... entende o que eu estou dizendo? Não temos café.,
Chinese_Simplified,你……你没明白我的话吗？我们这没咖啡。,
Chinese_Traditional,你……聽不懂我的話嗎？我們沒有咖啡。,
Polish,,
Turkish,,
Swedish,,
Thai,,
Arabic,,
Key,Business1_RAW-0015-Jerry,
English_US,"Да, у вас нет кофе. Однако кофе — это то, что я хотел бы.",
Description,,
French,"Oui, tu n'as pas de café. Mais moi ce que je veux, c'est un café.",
Italian,"Sì, lo so che non hai il caffè. Tuttavia, il caffè è quello che vorrei.",
German,"Ja, ihr habt keinen Kaffee. Aber ich hätte gerne Kaffee.",
Spanish_Spain,"Sí, no tenéis café. Sin embargo, lo que me gustaría tomar es un café.",
Spanish_LATAM,"Sí, no tienen café. Sin embargo, me gustaría tomar un café.",
Korean,"네, 커피가 없다는 거 알아요. 그런데 난 커피를 마시고 싶다고요.",
Russian,"Yes, you do not have coffee. However, coffee is what I would like.",
Japanese,ええ、わかってます。でも僕が飲みたいのはコーヒーなので。,
Portuguese_Brazil,"Sim, vocês não têm café. Porém, eu gostaria de café.",
Chinese_Simplified,听明白了，你们这没咖啡。但我就是想要咖啡。,
Chinese_Traditional,我懂，你們沒有咖啡。不過，我就是想喝咖啡。,
Polish,,
Turkish,,
Swedish,,
Thai,,
Arabic,,
Key,Business1_RAW-0016-Alta,
English_US,"Ну, полагаю, вы можете думать всё, что хотите.",
Description,,
French,"Bon, j'imagine que c'est comme tu veux.",
Italian,Sei libero di pensare quello che vuoi.,
German,"Ich meine, du kannst natürlich denken, was du willst.",
Spanish_Spain,"Quiero decir, supongo que puedes pensar lo que quieras.",
Spanish_LATAM,"Bueno, puedes pensar lo que quieras, creo.",
Korean,"뭐, 마시고 싶어 하는 거야 자유죠.",
Russian,"I mean, you can think whatever you want I suppose.",
Japanese,まあ、そう考えるのは自由だ。好きにすればいい。,
Portuguese_Brazil,"Quer dizer, você pode pensar o que quiser, eu acho.",
Chinese_Simplified,好吧，你想要什么是你的自由。,
Chinese_Traditional,好吧，你愛怎沒做，隨便你。,
Polish,,
Turkish,,
Swedish,,
Thai,,
Arabic,,
Key,Business1_RAW-0017-Jerry,
English_US,"Да, я так и сделаю. Когда у вас будет кофе, я его возьму.",
Description,,
French,"Oui, exactement. Dès que tu auras du café, j'en prendrai un.",
Italian,"Esattamente. Appena avrai il caffè, ne ordinerò uno.",
German,"Ja, das mache ich. Wenn ihr Kaffee habt, nehme ich ihn.",
Spanish_Spain,"Sí, de acuerdo. Cuando tengas café, lo tomaré.",
Spanish_LATAM,"Sí, eso haré. Cuando tengas café, avísame.",
Korean,"네, 마시고 싶어 할게요. 커피가 준비되면 언제든지 주세요.",
Russian,"Yes, I will do so. Whenever you have coffee, I will take it.",
Japanese,ええ、そうします。コーヒーが手に入ったら、そのときはぜひ。,
Portuguese_Brazil,"Sim, é o que vou fazer. Sempre que vocês tiverem café, eu vou aceitar.",
Chinese_Simplified,是的，正是如此。如果有咖啡，请给我一杯。,
Chinese_Traditional,我正有此意。只要你有咖啡，我就要喝。,
Polish,,
Turkish,,
Swedish,,
Thai,,
Arabic,,
Key,Business1_RAW-0018-Jerry,
English_US,Очень хорошо.,
Description,From [0012-Choice],
French,Très bien.,
Italian,Molto bene.,
German,Sehr gut.,
Spanish_Spain,Muy bien.,
Spanish_LATAM,Muy bien.,
Korean,좋아요.,
Russian,Very good.,
Japanese,ありがたい。,
Portuguese_Brazil,Muito bem.,
Chinese_Simplified,非常好。,
Chinese_Traditional,很好。,
Polish,,
Turkish,,
Swedish,,
Thai,,
Arabic,,
Key,Business1_RAW-0019-Jerry,
English_US,Здравствуйте. Я жду свой кофе.,
Description,,
French,Salut. J'attends mon café.,
Italian,Ehilà. Sto aspettando il mio caffè.,
German,Hallo. Ich warte auf meinen Kaffee.,
Spanish_Spain,Hola. Estoy esperando mi café.,
Spanish_LATAM,Hola. Estoy esperando mi café.,
Korean,안녕하세요. 커피를 기다리고 있는데요.,
Russian,Hullo. I am waiting for my coffee.,
Japanese,どーも。コーヒーを待ってるんですが。,
Portuguese_Brazil,Olá. Estou esperando o meu café.,
Chinese_Simplified,哈啰。我还在等我的咖啡。,
Chinese_Traditional,哈囉。我在等候我的咖啡。,
Polish,,
Turkish,,
Swedish,,
Thai,,
Arabic,,
Key,Business1_RAW-0020-Jerry,
English_US,"В любой момент, когда у вас появится кофе, именно его я и буду.",
Description,,
French,"Quelle que soit l'heure à laquelle tu auras du café, c'est ce que je prendrai.",
Italian,"In qualsiasi momento avrai il caffè, lo prenderò.",
German,"Wann auch immer ihr Kaffee habt, nehme ich ihn.",
Spanish_Spain,"Cuando tengas café, eso es lo que tomaré.",
Spanish_LATAM,"Cuando tengas café, eso es lo que voy a tomar.",
Korean,언제든지 커피가 준비되면 그걸 마시겠습니다.,
Russian,"At whatever time you have coffee, that is what I will have.",
Japanese,コーヒーが準備できたら、ぜひ飲ませていただきたい。,
Portuguese_Brazil,"Assim que vocês tiverem café, é o que vou querer.",
Chinese_Simplified,啥时候有咖啡，请给我一杯。,
Chinese_Traditional,只要你泡好咖啡，就端來給我喝吧。,
Polish,,
Turkish,,
Swedish,,
Thai,,
Arabic,,
Key,Business1_RAW-0021-Jerry,
English_US,Вы принесли пустую чашку. Это не кофе.,
Description,,
French,Tu m'as apporté une tasse vide. Il n'y a pas de café.,
Italian,Mi hai portato una tazza vuota. Questo non è caffè.,
German,Du hast eine leere Tasse gebracht. Das ist kein Kaffee.,
Spanish_Spain,Has traído una taza vacía. Esto no es café.,
Spanish_LATAM,Me trajiste una taza vacía. Esto no es café.,
Korean,이건 빈 잔이네요. 이건 커피가 아니잖아요.,
Russian,You have brought an empty cup. This is not coffee.,
Japanese,空っぽのカップですね。これはコーヒーじゃない。,
Portuguese_Brazil,Você me trouxe uma xícara vazia. Isso não é café.,
Chinese_Simplified,你给我的杯子是空的。里面没有咖啡。,
Chinese_Traditional,你端上一只空杯。這不是咖啡。,
Polish,,
Turkish,,
Swedish,,
Thai,,
Arabic,,
Key,Business1_RAW-0022-Jerry,
English_US,"Чашка, которую вы принесли, кажется грязной. Я не желаю пить из неё кофе.",
Description,,
French,"La tasse que tu m'as apportée, je la trouve sale. Je ne boirai pas mon café là-dedans.",
Italian,La tazza che hai portato è sporca. Non voglio berci il caffè.,
German,"Die Tasse, in der du serviert hast, ist sichtbar schmutzig. Ich möchte keinen Kaffee daraus trinken.",
Spanish_Spain,Esta taza que has traído parece que está sucia. No quiero tomar café en ella.,
Spanish_LATAM,Esta taza que me trajiste parece que está sucia. No quiero tomar café en ella.,
Korean,이 잔은 더러운 것 같아요. 여기에 커피를 마시고 싶진 않군요.,
Russian,This cup you have brought appears to be dirty. I do not wish to drink coffee from it.,
Japanese,このカップは汚れているようだ。こんなカップでコーヒーを飲みたくないな。,
Portuguese_Brazil,Essa xícara que você trouxe parece estar suja. Não quero tomar café nela.,
Chinese_Simplified,你给我的杯子看起来很脏。我不想用这个杯子喝咖啡。,
Chinese_Traditional,你拿的杯子看起來好髒。我不想喝用這麼髒的杯子喝咖啡。,
Polish,,
Turkish,,
Swedish,,
Thai,,
Arabic,,
Key,Business1_RAW-0023-Jerry,
English_US,Вы принесли кофе.,
Description,,
French,Tu as apporté du café.,
Italian,Hai portato il caffè.,
German,Du hast Kaffee serviert.,
Spanish_Spain,Has traído café.,
Spanish_LATAM,Me trajiste café.,
Korean,커피를 가져오셨네요.,
Russian,You have brought coffee.,
Japanese,コーヒーを持ってきてくれたんですね。,
Portuguese_Brazil,Você trouxe café.,
Chinese_Simplified,咖啡来了呀。,
Chinese_Traditional,你把咖啡端來了。,
Polish,,
Turkish,,
Swedish,,
Thai,,
Arabic,,
Key,Business1_RAW-0024-Jerry,
English_US,Хм...,
Description,,
French,Hum…,
Italian,Hmm...,
German,Mmh …,
Spanish_Spain,Mmm...,
Spanish_LATAM,Mmm...,
Korean,흐음...,
Russian,Hmm...,
Japanese,ほう…,
Portuguese_Brazil,Hmm...,
Chinese_Simplified,唔……,
Chinese_Traditional,嗯……,
Polish,,
Turkish,,
Swedish,,
Thai,,
Arabic,,
Key,Business1_RAW-0025-Jerry,
English_US,"Как интересно. На вкус как еда, которую подавали на дне рождения {{Тэрри}}.",
Description,,
French,Très intéressant. C'est le même goût que ce qui était servi à la fête d'anniversaire de {{Terry}}.,
Italian,Interessante. Ha lo stesso sapore del cibo servito alla festa di compleanno di {{Terry}}.,
German,"Wie interessant. Er schmeckt wie das Essen, das auf {{Terry}}s Geburtstag serviert wurde.",
Spanish_Spain,Qué interesante. Sabe a la comida que se sirvió en la fiesta de cumpleaños de {{Terry}}.,
Spanish_LATAM,Qué interesante. Tiene gusto a la comida que sirvieron en la fiesta de cumpleaños de {{Terry}}.,
Korean,특이하군요. {{Terry}}의 생일 파티에서 먹어본 음식 맛이네요.,
Russian,How interesting. It tastes like the food that was served at {{Terry}}'s birthday party.,
Japanese,これは面白い。{{テリー}}の誕生日パーティーで出てきた料理の味に似ている。,
Portuguese_Brazil,Que interessante. Tem gosto do que serviram na festa de aniversário do {{Terry}}.,
Chinese_Simplified,有趣。尝起来就像在{{Terry}}的生日派对上吃到的东西。,
Chinese_Traditional,真是有趣啊。這喝起來像{{Terry}}的生日派對上的食物。,
Polish,,
Turkish,,
Swedish,,
Thai,,
Arabic,,
Key,Business1_RAW-0026-Jerry,
English_US,Хм. Мне та вечеринка пришлась не по душе.,
Description,,
French,Hum… C'était pas terrible comme fête.,
Italian,Una festa di compleanno terribile.,
German,Mh. Die Party hat mir nicht zugesagt.,
Spanish_Spain,Mmm. A mí me daba igual esa fiesta.,
Spanish_LATAM,"Mmm... Esa fiesta no me gustó, la verdad.",
Korean,흠. 그 파티 정말 별로였는데.,
Russian,Hm. I did not care for that party.,
Japanese,まあ、イマイチなパーティーでしたがね。,
Portuguese_Brazil,Hm. Não gostei muito daquela festa.,
Chinese_Simplified,嗯。我不喜欢那场派对。,
Chinese_Traditional,嗯。我討厭那場派對。,
Polish,,
Turkish,,
Swedish,,
Thai,,
Arabic,,
Key,Business1_RAW-0027-Jerry,
English_US,"Музыка была на четыре децибела громче, чем я предпочитаю. И еда была слишком насыщенной.",
Description,,
French,J'ai trouvé la musique trop forte de quatre décibels. Et la nourriture avait trop de goût.,
Italian,La musica era troppo forte per i miei timpani. E il cibo era troppo speziato.,
German,Die Musik war vier Dezibel zu laut für meinen Geschmack. Und das Essen hatte zu viel Geschmack.,
Spanish_Spain,La música estaba cuatro decibelios demasiado alta para mi gusto. Y la comida era demasiado sabrosa.,
Spanish_LATAM,La música estaba cuatro decibeles muy alta para mi gusto. Y la comida era demasiado sabrosa.,
Korean,음악을 어찌나 크게 틀던지 시끄러워 죽을 뻔했죠. 게다가 음식 맛에는 풍미가 지나쳤고요.,
Russian,The music was four decibels too loud for my preference. And the food was too flavorful.,
Japanese,音楽が僕の好みよりも4デシベル大きかったし、料理の味がこってりしすぎていた。,
Portuguese_Brazil,A música estava num volume quatro decibéis acima da minha preferência. E a comida tinha um sabor muito marcante.,
Chinese_Simplified,派对现场的音乐比我想要的高了四个分贝。而且吃的东西味道也太腻了。,
Chinese_Traditional,音樂的音量比我喜歡的大了四個分貝。而且食物味道太多了。,
Polish,,
Turkish,,
Swedish,,
Thai,,
Arabic,,
Key,Business1_RAW-0028-Jerry,
English_US,"Мне не нравится этот напиток. Он напоминает мне о той шумной вечеринке с насыщенной едой. Пожалуйста, принесите нормальный кофе.",
Description,,
French,"Cette boisson ne m'intéresse pas. Ça me rappelle la fête bruyante et avec trop de goût. Apporte-moi un café normal, s'il te plaît.",
Italian,Non mi interessa questa bevanda. Mi ricorda di una festa rumorosa con cibo speziato. Per cortesia portami un caffè filtrato.,
German,"Dieses Getränk sagt mir nicht zu. Es erinnert mich an die laute, geschmacksintensive Party. Bitte bring mir normalen Kaffee.",
Spanish_Spain,"No me gusta esta bebida. Me recuerda a la fiesta ruidosa y con comida sabrosa. Trae café normal, por favor.",
Spanish_LATAM,"No me gusta esta bebida. Me recuerda a la fiesta ruidosa y con comida sabrosa. Tráeme un café normal, por favor.",
Korean,이 음료도 정말 별로예요. 시끄럽고 음식 맛도 지나쳤던 그 파티가 생각날 정도로요. 제발 일반적인 커피를 갖다주세요.,
Russian,"I do not care for this drink. It reminds me of the noisy, flavorful party. Please bring normal coffee.",
Japanese,この飲み物はイマイチですね。うるさくて、味がこってりしたパーティーを思い出す。普通のコーヒーを頼みます。,
Portuguese_Brazil,"Não gosto dessa bebida. Me faz lembrar da festa barulhenta e com sabor marcante. Por favor, me traz um café normal.",
Chinese_Simplified,我不喜欢这杯饮料。它让我想起那场又吵又腻的派对。请给我一杯普通的咖啡。,
Chinese_Traditional,我不喜歡這杯飲品。我喝了就想到那場吵鬧又多味道的派對。請給我正常的咖啡。,
Polish,,
Turkish,,
Swedish,,
Thai,,
Arabic,,
Key,Business1_RAW-0029-Jerry,
English_US,Этот кофе холодный. Его нехорошо пить холодным.,
Description,,
French,Ce café est froid. Ce n'est pas bon froid.,
Italian,Questo caffè è freddo. Non è buono freddo.,
German,Dieser Kaffee ist kalt. Kalt kann man ihn nicht trinken.,
Spanish_Spain,Este café está frío. No es bueno beber las cosas frías.,
Spanish_LATAM,Este café está frío. No es bueno beber las cosas frías.,
Korean,이 커피는 차갑군요. 차게 마시면 안 좋아요.,
Russian,This coffee is cold. It is not good to drink cold.,
Japanese,このコーヒーは冷たいですね。冷たい飲み物は体に良くない。,
Portuguese_Brazil,Esse café está frio. Não é bom beber frio.,
Chinese_Simplified,咖啡是冷的。喝冷的可不好。,
Chinese_Traditional,這杯咖啡是冷的。喝冷飲不好。,
Polish,,
Turkish,,
Swedish,,
Thai,,
Arabic,,
Key,Business1_RAW-0030-Alta,
English_US,"Ладно, переделаю, добавив больше жара.",
Description,,
French,"OK, je vais le refaire en plus chaud.",
Italian,"Va bene, andrò a rifarlo più caldo.",
German,"Gut, ich mache ihn noch mal mit mehr Hitze.",
Spanish_Spain,"Vale, lo volveré a preparar calentándolo más.",
Spanish_LATAM,"Bien, te preparo otro y lo caliento más esta vez.",
Korean,"네, 따뜻하게 다시 만들어올게요.",
Russian,"Okay, I'll remake it using more heat.",
Japanese,わかった。もっと熱くして淹れ直すよ。,
Portuguese_Brazil,"Certo, vou refazer ele usando mais calor.",
Chinese_Simplified,好的，那我再做杯热的。,
Chinese_Traditional,好，我會重做一杯熱的。,
Polish,,
Turkish,,
Swedish,,
Thai,,
Arabic,,
Key,Business1_RAW-0031-Jerry,
English_US,У этого кофе странный привкус. Он на вкус как грязь.,
Description,,
French,Il y a un drôle de goût dans ce café. On dirait de la terre.,
Italian,C'è un sapore strano in questo caffè. Sa di terriccio.,
German,Dieser Kaffee schmeckt seltsam. Er schmeckt nach Dreck.,
Spanish_Spain,Este café sabe raro. Sabe a tierra.,
Spanish_LATAM,Este café tiene un gusto raro. Sabe a tierra.,
Korean,이 커피에서는 이상한 맛이 나요. 흙먼지 맛 같아요.,
Russian,There is an odd taste in this coffee. It tastes like dirt.,
Japanese,このコーヒーは妙な味がしますね。泥のような味だ。,
Portuguese_Brazil,Esse café tem um sabor estranho. Tem gosto de terra.,
Chinese_Simplified,这杯咖啡味道怪怪的。尝起来像在吃土。,
Chinese_Traditional,這杯咖啡有怪味。喝起來像泥土。,
Polish,,
Turkish,,
Swedish,,
Thai,,
Arabic,,
Key,Business1_RAW-0032-Alta,
English_US,"Ох, должно быть, я забыла сначала помыть кофейное зерно. Я сделаю его снова.",
Description,,
French,"Oh, j'ai dû oublier de laver le grain de café. Je vais le refaire.",
Italian,"Oh, devo aver dimenticato di lavare il chicco di caffè. Lo andrò a rifare.",
German,"Oh, ich muss vergessen haben, die Kaffeebohnen vorher zu waschen. Ich mache ihn nochmal.",
Spanish_Spain,"Ah, debo haberme olvidado de lavar el grano de café primero. Lo volveré a hacer.",
Spanish_LATAM,Creo que me olvidé de lavar el grano de café primero. Lo volveré a hacer.,
Korean,"이런, 커피콩을 먼저 씻었어야 했는데. 다시 만들어올게요.",
Russian,"Oh, I must have forgotten to wash the coffee bean first. I'll make it again.",
Japanese,おっと、最初にコーヒー豆を洗うのを忘れたみたいだ。淹れ直すよ。,
Portuguese_Brazil,"Ah, devo ter esquecido de lavar o grão de café primeiro. Vou refazer.",
Chinese_Simplified,哦，肯定是我忘记洗咖啡豆了。我重新做一杯。,
Chinese_Traditional,噢我一定是忘記先洗咖啡豆了。我會再做一杯。,
Polish,,
Turkish,,
Swedish,,
Thai,,
Arabic,,
Key,Business1_RAW-0033-Jerry,
English_US,Это... что это??,
Description,,
French,C'est… qu'est-ce que c'est ?,
Italian,Questo... ma cos'è questo?,
German,Das …was ist das?,
Spanish_Spain,Esto... ¿qué es esto?,
Spanish_LATAM,¿Qué... Qué es esto?,
Korean,이건... 대체 뭔가요??,
Russian,This... what is this??,
Japanese,これは…いったい何です？,
Portuguese_Brazil,Mas... o que é isso??,
Chinese_Simplified,这……这是什么？？,
Chinese_Traditional,這……這是什麼？？,
Polish,,
Turkish,,
Swedish,,
Thai,,
Arabic,,
Key,Business1_RAW-0034-Jerry,
English_US,Это не кофе. Это больше похоже на жижу. Это вообще ничем не напоминает кофе.,
Description,"""sludge"" means a gross mess",
French,"C'est pas du café, on dirait de la vase. Ça n'a rien à voir avec du café.",
Italian,Questo non è caffè. È più simile a una poltiglia. Non ha niente a che vedere con il caffè.,
German,Das ist kein Kaffee. Das ist mehr wie Matsch. Das ist überhaupt nicht wie Kaffee.,
Spanish_Spain,Esto no es café. Parece más bien lodo. No se parece en nada al café.,
Spanish_LATAM,Esto no es café. Parece más bien lodo. No se parece en nada al café.,
Korean,커피가 아니잖아요. 무슨 구정물 같아요. 커피와 비슷한 구석이 하나도 없어요.,
Russian,This is not coffee. It is more like a sludge. It is nothing like coffee in any way.,
Japanese,コーヒーというより、ヘドロのような味だ。コーヒーとはまったくの別物です。,
Portuguese_Brazil,Isso não é café. Parece mais lodo. Não tem nada de café.,
Chinese_Simplified,这不是咖啡。更像一杯泥浆。完全看不出咖啡的样子。,
Chinese_Traditional,這不是咖啡。喝起來比較像污泥。完全不像咖啡。,
Polish,,
Turkish,,
Swedish,,
Thai,,
Arabic,,
Key,Business1_RAW-0035-Alta,
English_US,Оно коричневое.,
Description,,
French,C'est marron.,
Italian,È marrone.,
German,Es ist braun.,
Spanish_Spain,Es marrón.,
Spanish_LATAM,Es marrón.,
Korean,갈색이잖아요.,
Russian,It's brown.,
Japanese,茶色いだろ。,
Portuguese_Brazil,É marrom.,
Chinese_Simplified,它是咖啡色的。,
Chinese_Traditional,它是咖啡色的。,
Polish,,
Turkish,,
Swedish,,
Thai,,
Arabic,,
Key,Business1_RAW-0036-Jerry,
English_US,"Да, вы правы. В этом смысле оно похоже на кофе. Во всех остальных смыслах оно отвратительно.",
Description,,
French,"Oui, tu as raison, à ce niveau ça ressemble à du café. Mais à tous les autres niveaux, c'est atroce.",
Italian,Hai ragione. Ha il colore del caffè. In tutti gli altri sensi è atroce.,
German,"Ja, das stimmt. Das hat es mit Kaffee gemein. Ansonsten ist es widerlich.",
Spanish_Spain,"Sí, tienes razón. En ese sentido es como el café. En todos los demás sentidos es atroz.",
Spanish_LATAM,"Sí, tienes razón. En ese sentido se parece al café. En todos los demás sentidos es atroz.",
Korean,"네, 그렇군요. 그 점에서는 커피와 비슷해요. 하지만 다른 모든 면에서 최악이에요.",
Russian,"Yes, you are right. In this way it is like coffee. In all other ways it is atrocious.",
Japanese,ええ、確かに。色だけはコーヒーに似ていますが、それ以外は何から何までゾッとする代物だ。,
Portuguese_Brazil,"Sim, você tem razão. Essa parte é parecida com café. Todas as outras são horríveis.",
Chinese_Simplified,是的，没错。这方面倒是和咖啡一样。但其它方面就离谱了。,
Chinese_Traditional,是啦，沒錯。這一點像咖啡。其他方面根本是災難。,
Polish,,
Turkish,,
Swedish,,
Thai,,
Arabic,,
Key,Business1_RAW-0037-Alta,
English_US,"Так... значит, нет?",
Description,,
French,Donc… tu n'en veux pas ?,
Italian,Quindi... è un no?,
German,Also …ist es ein Nein?,
Spanish_Spain,Entonces... ¿es eso un no?,
Spanish_LATAM,Entonces... ¿eso es un no?,
Korean,그럼... 이건 아니라는 거죠?,
Russian,So... is that a no?,
Japanese,つまり…マズいってこと？,
Portuguese_Brazil,Então... isso é um não?,
Chinese_Simplified,所以……这杯也不行？,
Chinese_Traditional,所以……你不想喝嗎？,
Polish,,
Turkish,,
Swedish,,
Thai,,
Arabic,,
Key,Business1_RAW-0038-Jerry,
English_US,"Пожалуйста, не заставляйте меня больше это пить. Я не могу. Это невыносимо. Пожалуйста.",
Description,,
French,"Pitié, ne me fais plus jamais boire un truc pareil. Je n'en peux plus. C'est insupportable. Au secours !",
Italian,"Ti prego, non farmene bere più. Non posso. È insopportabile. Per favore.",
German,"Bitte zwing mich nicht, mehr davon zu trinken. Ich kann nicht. Es ist unerträglich. Bitte.",
Spanish_Spain,"Por favor, no me hagas beber más de esto. No puedo. Es insoportable. Por favor.",
Spanish_LATAM,"Por favor, no me vuelvas a traer algo así. No puedo beberlo. Es intomable. Por favor.",
Korean,제발 이런 건 다시는 먹이지 마세요. 못 마시겠어요. 견디기 힘든 맛이라고요. 부탁할게요.,
Russian,Please do not make me drink any more of this. I cannot. It is unbearable. Please.,
Japanese,金輪際、こんな飲み物は淹れないでください。僕にはムリだ。耐えられない。頼みます。,
Portuguese_Brazil,"Por favor, não me obrigue a beber mais disso. Não posso. É insuportável. Por favor.",
Chinese_Simplified,请不要再让我喝这种玩意了。着实难以下咽。无法下口。拜托了。,
Chinese_Traditional,請別再逼我喝這種飲品。我無法。根本無法入口。拜託了。,
Polish,,
Turkish,,
Swedish,,
Thai,,
Arabic,,
Key,Business1_RAW-0039-Alta,
English_US,"Ну, стоило попробовать.",
Description,,
French,"Bon, ça valait le coup d'essayer.",
Italian,"Bè, valeva la pena provare.",
German,"Nun, einen Versuch war es wert.",
Spanish_Spain,"Bueno, valía la pena intentarlo.",
Spanish_LATAM,"Bueno, valió la pena el intento.",
Korean,그래도 혹시나 해서 가져와 봤죠.,
Russian,"Well, it was worth a shot.",
Japanese,まあ、試す価値はあったろ。,
Portuguese_Brazil,"Bem, valeu a tentativa.",
Chinese_Simplified,好吧，至少我试过了。,
Chinese_Traditional,好吧，我想說試試看。,
Polish,,
Turkish,,
Swedish,,
Thai,,
Arabic,,
Key,Business1_RAW-0040-Jerry,
English_US,Это кофе. Я рад получить кофе в данное время.,
Description,,
French,C'est du café. Je suis content de pouvoir boire un café.,
Italian,Questo è un caffè. Sono felice di bere un caffè finalmente.,
German,"Das ist Kaffee. Ich bin froh, gerade jetzt einen Kaffee zu haben.",
Spanish_Spain,Esto es café. Me alegro de tomar un café en este momento.,
Spanish_LATAM,Esto sí es café. Me alegra tomar un café esta vez.,
Korean,이건 커피군요. 이번에는 커피를 마실 수 있어서 정말 좋습니다.,
Russian,This is coffee. I am glad to have coffee at this time.,
Japanese,コーヒーですね。今度こそ飲めて何よりだ。,
Portuguese_Brazil,Isso é café. Fico feliz em tomar café nesse momento.,
Chinese_Simplified,这是咖啡。我现在很高兴能喝上咖啡。,
Chinese_Traditional,這的確是咖啡。這時間能喝到咖啡真是太好了。,
Polish,,
Turkish,,
Swedish,,
Thai,,
Arabic,,
Key,Business1_RAW-0041-Jerry,
English_US,"Он соответствует трём необходимым атрибутам кофе: Зёрна, Вода, Жар.",
Description,,
French,"Ça répond aux trois attributs nécessaires au café : grains, eau, chaleur.",
Italian,"Soddisfa i tre attributi necessari del caffè: chicchi, acqua, calore.",
German,"Es hat die drei notwendigen Eigenschaften von Kaffee: Bohnen, Wasser, Hitze.",
Spanish_Spain,"Satisface los tres atributos necesarios del café: granos, agua, calor.",
Spanish_LATAM,"Satisface los tres atributos necesarios del café: granos, agua, calor.",
Korean,"커피의 필수 3요소를 다 갖췄네요. 커피콩, 물, 열 말이에요.",
Russian,"It satisfies the three necessary attributes of coffee: Beans, Water, Heat.",
Japanese,これならコーヒーに必要な特性を3つとも満たしている。豆、水、熱さです。,
Portuguese_Brazil,"Ele satisfaz os três atributos necessários do café: grãos, água e calor.",
Chinese_Simplified,这杯满足咖啡的三点要素：咖啡豆、水、热量。,
Chinese_Traditional,它滿足了咖啡的三項要素：咖啡豆、水、溫度。,
Polish,,
Turkish,,
Swedish,,
Thai,,
Arabic,,
Key,Business1_RAW-0042-Jerry,
English_US,Вместе они известны как Треугольник Удовлетворительного Производства Кофе.,
Description,,
French,"De façon collective, ils sont connus sous le nom de Triangle de la production de café acceptable.",
Italian,Insieme sono considerati il Triangolo della Produzione di Caffè Soddisfacente.,
German,Gemeinsam sind sie als Dreieck Zufriedenstellender Kaffeeherstellung bekannt.,
Spanish_Spain,"En conjunto, se conocen como el ""Triángulo de la producción satisfactoria de café"".",
Spanish_LATAM,"En conjunto, se conocen como el «Triángulo de la producción satisfactoria de café».",
Korean,통틀어서 이런 걸 '만족스러운 커피 생산의 삼각형'이라고 부릅니다.,
Russian,"Collectively, these are known as the Triangle of Satisfactory Coffee Production.",
Japanese,まとめて“うまいコーヒー作りのトライアングル”と呼ばれます。,
Portuguese_Brazil,"Coletivamente, são conhecidos como o Triângulo da Produção de Café Satisfatório.",
Chinese_Simplified,总的来说，这三者称为适格咖啡作品的三要素。,
Chinese_Traditional,這三個要素會集結成所謂的「泡咖啡的滿足金三角」。,
Polish,,
Turkish,,
Swedish,,
Thai,,
Arabic,,
Key,Business1_RAW-0043-Jerry,
English_US,Кофе позволит мне лучше представить мою презентацию совету директоров.,
Description,"""the board"" means the group of people who meet at the boardroom",
French,Le café va m'aider à faire ma présentation au comité directeur.,
Italian,Il caffè mi darà la carica per fare la mia presentazione davanti al consiglio d'amministrazione.,
German,"Der Kaffee wird es mir erleichtern, dem Vorstand meine Präsentation vorzustellen.",
Spanish_Spain,El café me permitirá hacer mejor mi presentación ante la junta.,
Spanish_LATAM,El café me permitirá exponer una mejor presentación ante la junta.,
Korean,커피를 마시고 나면 임원들 앞에서 프레젠테이션도 더 잘할 수 있을 거예요.,
Russian,The coffee will better enable me to deliver my presentation to the board.,
Japanese,コーヒーのおかげで役員へのプレゼンがうまくいくといいのですが。,
Portuguese_Brazil,O café vai me ajudar a fazer a minha apresentação à diretoria.,
Chinese_Simplified,喝了这杯咖啡，我就能更好地向董事会做演讲了。,
Chinese_Traditional,喝了這杯咖啡，我向董事會發表報告時一定能更順利。,
Polish,,
Turkish,,
Swedish,,
Thai,,
Arabic,,
Key,Business1_RAW-0044-Jerry,
English_US,"Эта презентация будет первой, с которой я когда-либо выступал. Важно, чтобы я произвёл положительное впечатление.",
Description,,
French,Ça sera ma toute première présentation. Il est important que je fasse bonne impression.,
Italian,Questa è la mia prima presentazione per cui è molto importante dare una buona impressione.,
German,"Diese Präsentation wird die erste sein, die ich jemals halte. Es ist wichtig, dass ich einen positiven Eindruck mache.",
Spanish_Spain,Esta presentación será la primera que haré. Es importante que cause una impresión positiva.,
Spanish_LATAM,Esta presentación será la primera que exponga. Es importante que cause una impresión positiva.,
Korean,이번이 제 첫 프레젠테이션이거든요. 첫인상이 참 중요하잖아요.,
Russian,This presentation will be the first I have ever delivered. It is important that I made a positive impression.,
Japanese,プレゼンをするのは今回が初めてでね。大事なのは好印象を与えることです。,
Portuguese_Brazil,Essa apresentação vai ser a primeira que faço na vida. É importante que eu cause uma boa impressão.,
Chinese_Simplified,这是我有史以来的第一场演讲。我必须给听众留下好印象。,
Chinese_Traditional,這是我有生以來第一次發表報告。我一定要留下正面印象。,
Polish,,
Turkish,,
Swedish,,
Thai,,
Arabic,,
Key,Business1_RAW-0045-Jerry,
English_US,"Могу я представить её вам сейчас, для практики?",
Description,,
French,"Je pourrais te faire ma présentation maintenant, pour m'entraîner ?",
Italian,"Posso farla con te adesso, per esercitarmi?",
German,"Darf ich sie dir einmal vorstellen, zum Üben?",
Spanish_Spain,¿Puedo hacerte la presentación ahora para practicar?,
Spanish_LATAM,¿Puedo exponer la presentación para ti ahora? ¿Para practicar?,
Korean,혹시 지금 연습 삼아 한번 해봐도 될까요?,
Russian,"May I present it to you now, to practice?",
Japanese,練習のために、あなたにプレゼンしても？,
Portuguese_Brazil,"Posso apresentar a você, para treinar?",
Chinese_Simplified,想不想听我的讲座，让我练习一次？,
Chinese_Traditional,我可以向你報告，當作練習嗎？,
Polish,,
Turkish,,
Swedish,,
Thai,,
Arabic,,
Key,Business1_RAW-0046-Choice,
English_US,"Конечно, давайте.",
Description,,
French,"Bien sûr, vas-y.",
Italian,"Ma certo, fai pure.",
German,"Klar, leg los.",
Spanish_Spain,"Claro, adelante.",
Spanish_LATAM,"Claro, adelante.",
Korean,"네, 그러세요.",
Russian,"Sure, go ahead.",
Japanese,ああ、どうぞ。,
Portuguese_Brazil,"Claro, manda bala.",
Chinese_Simplified,好啊，来吧。,
Chinese_Traditional,好啊，請開始。,
Polish,,
Turkish,,
Swedish,,
Thai,,
Arabic,,
Key,Business1_RAW-0047-Choice,
English_US,"Я бы правда предпочла, чтобы вы этого не делали.",
Description,,
French,"Vraiment, je préfère pas.",
Italian,Preferirei davvero di no.,
German,"Mir wär es lieber, wenn du es nicht tätest.",
Spanish_Spain,Preferiría que no lo hicieras.,
Spanish_LATAM,Preferiría que no.,
Korean,그러지 않았으면 좋겠는데요.,
Russian,I'd really rather you didn't.,
Japanese,どっちかというと遠慮したい。,
Portuguese_Brazil,Prefiro que não.,
Chinese_Simplified,能不练就不练。,
Chinese_Traditional,最好不要。,
Polish,,
Turkish,,
Swedish,,
Thai,,
Arabic,,
Key,Business1_RAW-0048-Jerry,
English_US,Хорошо. Сейчас я её представлю.,
Description,From [0046-Choice],
French,"Parfait, alors je me lance.",
Italian,Bene. Inizierò con la presentazione.,
German,Gut. Ich stelle sie nun vor.,
Spanish_Spain,Bien. Te haré la presentación ahora.,
Spanish_LATAM,Bien. Te expondré la presentación ahora.,
Korean,좋아요. 한번 해볼게요.,
Russian,Good. I will now present it.,
Japanese,よし、ではプレゼンを始めます。,
Portuguese_Brazil,Ótimo. Vou apresentar então.,
Chinese_Simplified,好的。那么我就开始了。,
Chinese_Traditional,好。我現在就開始。,
Polish,,
Turkish,,
Swedish,,
Thai,,
Arabic,,
Key,Business1_RAW-0049-Jerry,
English_US,О. Понятно.,
Description,From [0047-Choice],
French,"Ah, je vois…",
Italian,Oh. Capisco.,
German,Oh. Verstehe.,
Spanish_Spain,Oh. Ya veo.,
Spanish_LATAM,Ya veo...,
Korean,아. 그렇군요.,
Russian,Oh. I see.,
Japanese,ああ、そうですか。,
Portuguese_Brazil,Ah. Entendi.,
Chinese_Simplified,哦。好吧。,
Chinese_Traditional,噢。我懂了。,
Polish,,
Turkish,,
Swedish,,
Thai,,
Arabic,,
Key,Business1_RAW-0050-Alta,
English_US,"Ладно, ну, до свид-",
Description,,
French,"OK, bon… alors au revoir-",
Italian,"Va bene, arrivederci...",
German,"Okay, dann, auf Wieders–",
Spanish_Spain,"Bueno, vale, adiós.",
Spanish_LATAM,"Bueno, está bien, adiós.",
Korean,"그래요, 그럼 안녕히.",
Russian,"Okay, well, goodby-",
Japanese,じゃ、そういうわけで…,
Portuguese_Brazil,"Certo, bem, tchau...",
Chinese_Simplified,好吧，再见——,
Chinese_Traditional,好，那，再見——,
Polish,,
Turkish,,
Swedish,,
Thai,,
Arabic,,
Key,Business1_RAW-0051-Jerry,
English_US,Это не кофе.,
Description,,
French,C'est pas du café.,
Italian,Questo non è un caffè.,
German,Das ist kein Kaffee.,
Spanish_Spain,Esto no es café.,
Spanish_LATAM,Esto no es café.,
Korean,이건 커피가 아니잖아요.,
Russian,This is not coffee.,
Japanese,これはコーヒーじゃない。,
Portuguese_Brazil,Isso não é café.,
Chinese_Simplified,这不是咖啡。,
Chinese_Traditional,這不是咖啡。,
Polish,,
Turkish,,
Swedish,,
Thai,,
Arabic,,
Key,Business1_RAW-0052-Jerry,
English_US,"Если вы принесёте мне другой напиток, я бы предпочёл, чтобы это был кофе.",
Description,,
French,"Si tu m'apportes une autre boisson, je préfère que ce soit du café.",
Italian,"Se proprio mi volessi portare un'altra bevanda, preferirei che fosse un caffè.",
German,"Wenn du mir ein anderes Getränk bringen könntest, sollte es Kaffee sein.",
Spanish_Spain,"Si me trajeras otra bebida, preferiría que fuera café.",
Spanish_LATAM,"En caso de que me traigas otra bebida, preferiría que sea café.",
Korean,다음번에 가져올 음료는 커피였으면 좋겠군요.,
Russian,"If you were to bring me another drink, I would prefer that it be coffee.",
Japanese,別の飲み物を持ってきてくれるなら、ぜひコーヒーをお願いしたい。,
Portuguese_Brazil,"Se você for trazer outra bebida para mim, prefiro que seja café.",
Chinese_Simplified,如果能再来一杯，我希望是杯咖啡。,
Chinese_Traditional,若你要再端上一杯飲品，那最好是咖啡。,
Polish,,
Turkish,,
Swedish,,
Thai,,
Arabic,,
Key,Business1_RAW-0053-Jerry,
English_US,Моя презентация называется «Разрешение конфликтов на рабочем месте».,
Description,,
French,"Le titre de ma présentation est ""La résolution du conflit sur le lieu de travail"".",
Italian,"La mia presentazione si intitola: ""Risoluzione dei conflitti sul posto di lavoro"".",
German,Meine Präsentation hat das Thema „Konfliktbewältigung am Arbeitsplatz“.,
Spanish_Spain,"Mi presentación se titula ""Resolución de conflictos en el lugar de trabajo"".",
Spanish_LATAM,Mi presentación se titula «Resolución de conflictos en el lugar de trabajo».,
Korean,프레젠테이션의 제목은 '직장 내 갈등 해결'입니다.,
Russian,"My presentation is entitled ""Conflict Resolution in the Workplace.""",
Japanese,プレゼンのタイトルは“職場におけるモメ事の解決”です。,
Portuguese_Brazil,"O título da minha apresentação é: ""Resolução de Conflitos no Ambiente de Trabalho.""",
Chinese_Simplified,我的演讲题目是“如何处理职场冲突。”,
Chinese_Traditional,我的報告主旨是「化解職場衝突」。,
Polish,,
Turkish,,
Swedish,,
Thai,,
Arabic,,
Key,Business1_RAW-0054-Jerry,
English_US,*кхм*,
Description,,
French,*hum*,
Italian,*ehm*,
German,*hüstel*,
Spanish_Spain,*ejem*,
Spanish_LATAM,*ejem*,
Korean,에헴.,
Russian,*ahem*,
Japanese,オッホン。,
Portuguese_Brazil,*ahem*,
Chinese_Simplified,*咳咳*,
Chinese_Traditional,*清喉嚨*,
Polish,,
Turkish,,
Swedish,,
Thai,,
Arabic,,
Key,Business1_RAW-0055-Jerry,
English_US,Все мы сталкивались с конфликтами. Некоторые — десятки или даже десятки тысяч раз.,
Description,,
French,"Nous avons tous vécu une situation de conflit. Certains en ont vécu des dizaines, voire des milliers.",
Italian,Tutti noi sappiamo cosa sia un conflitto. C'è chi ne ha provato qualcuno e chi ne ha provati tantissimi.,
German,Wir alle haben schon Konflikte erlebt. Einige schon Dutzende oder sogar zehntausende Male.,
Spanish_Spain,Todos hemos experimentado conflictos. Algunos lo han hecho decenas o incluso decenas de miles de veces.,
Spanish_LATAM,Todos hemos experimentado conflictos. Algunos lo han experimentado decenas o incluso decenas de miles de veces.,
Korean,사람이라면 누구나 갈등을 경험합니다. 수십 번은 물론 수만 번 겪는 사람도 있습니다.,
Russian,All of us have experienced conflict. Some have done so dozens or even tens of thousands of times.,
Japanese,誰しもがモメ事を経験します。人によっては何十回。いや、何万回もモメる人さえいます。,
Portuguese_Brazil,"Todos nós já vivenciamos o conflito. Alguns de nós, dezenas ou até dezenas de milhares de vezes.",
Chinese_Simplified,大家都经历过职场冲突。有人更是经历了数十次甚至成百上千次。,
Chinese_Traditional,我們每個人都有過衝突經驗。有些人經歷過幾十次衝突，甚至成千上百次。,
Polish,,
Turkish,,
Swedish,,
Thai,,
Arabic,,
Key,Business1_RAW-0056-Jerry,
English_US,Однако необходимо задать фундаментальный вопрос: что такое конфликт на рабочем месте и откуда он берётся?,
Description,,
French,"Cependant, il faut se poser une question fondamentale : qu'est-ce que le conflit sur le lieu de travail et d'où vient-il ?",
Italian,"In questo contesto, occorre porsi una domanda fondamentale: cos’è il conflitto sul posto di lavoro e da dove scaturisce?",
German,"Doch eine grundlegende Frage muss gestellt werden: Was sind Konflikte am Arbeitsplatz, und woher kommen sie?",
Spanish_Spain,"Sin embargo, cabe plantearse una pregunta fundamental: ¿qué es el conflicto en el lugar de trabajo y de dónde procede?",
Spanish_LATAM,"Sin embargo, cabe plantearse una pregunta fundamental: ¿qué es el conflicto en el lugar de trabajo y de dónde procede?",
Korean,"하지만 먼저 근본적인 질문부터 던져야 합니다. 직장 내 갈등이란 무엇이며, 그 원인은 어디 있을까요?",
Russian,"Yet a fundamental question must be asked: what is conflict in the workplace, and where does it come from?",
Japanese,しかし基本的な疑問を提示すべきでしょう。職場におけるモメ事とはどういうものか、そして、原因は何なのかです。,
Portuguese_Brazil,"Ainda assim, uma pergunta fundamental deve ser feita: o que é o conflito no ambiente de trabalho e de onde ele vem?",
Chinese_Simplified,然而，我们必须搞清楚一个基本问题：什么是职场冲突，这样的冲突又是如何产生的？,
Chinese_Traditional,不過，我們必須提出根本問題：職場衝突是什麼，又是如何產生的？,
Polish,,
Turkish,,
Swedish,,
Thai,,
Arabic,,
Key,Business1_RAW-0057-Jerry,
English_US,"Это тот вопрос, на который я отвечу в своей презентации.",
Description,,
French,C'est à cette question que je vais répondre dans ma présentation.,
Italian,Questa è la domanda a cui andrò a rispondere nella mia presentazione.,
German,Diese Frage wird meine Präsentation beantworten.,
Spanish_Spain,Esta es la pregunta que responderé en mi presentación.,
Spanish_LATAM,Esta es la pregunta que responderé en mi presentación.,
Korean,이 프레젠테이션은 여기에 대한 답을 제시합니다.,
Russian,This is the question I will answer in my presentation.,
Japanese,僕のプレゼンでは、この疑問に答えます。,
Portuguese_Brazil,Essa é a pergunta que vou responder na minha apresentação.,
Chinese_Simplified,本次演讲旨在解答这些问题。,
Chinese_Traditional,這場報告就是要解答這個問題。,
Polish,,
Turkish,,
Swedish,,
Thai,,
Arabic,,
Key,Business1_RAW-0058-Jerry,
English_US,...,
Description,,
French,…,
Italian,...,
German,…,
Spanish_Spain,...,
Spanish_LATAM,...,
Korean,...,
Russian,...,
Japanese,……,
Portuguese_Brazil,...,
Chinese_Simplified,……,
Chinese_Traditional,……,
Polish,,
Turkish,,
Swedish,,
Thai,,
Arabic,,
Key,Business1_RAW-0059-Jerry,
English_US,"...могу я поинтересоваться, как вам моя презентация на данный момент?",
Description,,
French,… je peux te demander ce que tu penses de ma présentation pour l'instant ?,
Italian,Posso chiederti come è andata la mia presentazione finora?,
German,"…Darf ich fragen, wie meine Präsentation bis hierher ist?",
Spanish_Spain,¿Puedo preguntarte qué tal viene mi presentación hasta el momento?,
Spanish_LATAM,¿Puedo preguntarte qué tal viene mi presentación hasta el momento?,
Korean,...여기까지 프레젠테이션이 어땠는지 물어봐도 될까요?,
Russian,"...may I inquire, how is my presentation thus far?",
Japanese,…お聞きしますが、ここまでのプレゼンはどうでしょう？,
Portuguese_Brazil,Posso perguntar como está indo a minha apresentação até agora?,
Chinese_Simplified,……容我问问，我的演讲到目前如何？,
Chinese_Traditional,……請問，我的報告目前如何？,
Polish,,
Turkish,,
Swedish,,
Thai,,
Arabic,,
Key,Business1_RAW-0060-Choice,
English_US,Вам следует делать паузы чаще для аплодисментов.,
Description,,
French,Tu devrais faire plus de pauses pour laisser les gens applaudir.,
Italian,Dovresti fermarti più spesso per gli applausi.,
German,Du solltest längere Pausen für Applaus machen.,
Spanish_Spain,Deberías hacer pausas con más frecuencia para aplaudir.,
Spanish_LATAM,Deberías hacer algunas pausas para que te aplaudan.,
Korean,중간중간 박수가 나올 테니 좀 더 자주 멈춰요.,
Russian,You should pause more frequently for applause.,
Japanese,もっと頻繁に拍手タイムを取るべき。,
Portuguese_Brazil,Você devia fazer mais pausas pra aplausos.,
Chinese_Simplified,你应该多留些停顿时间，方便听从鼓掌。,
Chinese_Traditional,你應該多停頓幾次，接受掌聲。,
Polish,,
Turkish,,
Swedish,,
Thai,,
Arabic,,
Key,Business1_RAW-0061-Choice,
English_US,Вам следует разрядить обстановку шутками.,
Description,,
French,Tu devrais détendre l'atmosphère avec quelques blagues.,
Italian,Dovresti alleggerire l'atmosfera con qualche battuta.,
German,Du solltest die Stimmung mit ein paar Witzen auflockern.,
Spanish_Spain,Deberías relajar la tensión con algunos chistes.,
Spanish_LATAM,Deberías contar algunos chistes para cortar con tanta tensión.,
Korean,농담으로 분위기를 밝게 만들면 좋겠어요.,
Russian,You should lighten the mood with some jokes.,
Japanese,ジョークを織り交ぜて軽い雰囲気にするべき。,
Portuguese_Brazil,Você devia aliviar o clima com umas piadas.,
Chinese_Simplified,你应该讲几个笑话来缓和气氛。,
Chinese_Traditional,你應該講一些笑話，讓氣氛更輕鬆。,
Polish,,
Turkish,,
Swedish,,
Thai,,
Arabic,,
Key,Business1_RAW-0062-Choice,
English_US,Всё хорошо как есть.,
Description,,
French,C'est parfait comme ça.,
Italian,Va bene così com'è.,
German,"Sie ist gut so, wie sie ist.",
Spanish_Spain,Está bien así.,
Spanish_LATAM,Viene bien.,
Korean,지금 그대로 딱 좋아요.,
Russian,It's fine as it is.,
Japanese,その調子で大丈夫。,
Portuguese_Brazil,Está bem assim.,
Chinese_Simplified,已经很好了。,
Chinese_Traditional,很不錯呀。,
Polish,,
Turkish,,
Swedish,,
Thai,,
Arabic,,
Key,Business1_RAW-0063-Jerry,
English_US,Понятно. Я так и сделаю.,
Description,From [0060-Choice],
French,Compris. Je vais le faire.,
Italian,Capito. Lo farò.,
German,Verstehe. Das werde ich.,
Spanish_Spain,De acuerdo. Así lo haré.,
Spanish_LATAM,De acuerdo. Eso haré.,
Korean,알겠습니다. 그렇게 할게요.,
Russian,Understood. I will do so.,
Japanese,なるほど、そうします。,
Portuguese_Brazil,Entendi. Vou fazer isso.,
Chinese_Simplified,明白。我会这么做的。,
Chinese_Traditional,懂了。我會照做。,
Polish,,
Turkish,,
Swedish,,
Thai,,
Arabic,,
Key,Business1_RAW-0064-Jerry,
English_US,Понятно. Я так и сделаю.,
Description,From [0061-Choice],
French,Compris. Je vais le faire.,
Italian,Capito. Lo farò.,
German,Verstehe. Das werde ich.,
Spanish_Spain,De acuerdo. Así lo haré.,
Spanish_LATAM,De acuerdo. Eso haré.,
Korean,알겠습니다. 그렇게 할게요.,
Russian,Understood. I will do so.,
Japanese,なるほど、そうします。,
Portuguese_Brazil,Entendi. Vou fazer isso.,
Chinese_Simplified,明白。我会这么做的。,
Chinese_Traditional,懂了。我會照做。,
Polish,,
Turkish,,
Swedish,,
Thai,,
Arabic,,
Key,Business1_RAW-0065-Jerry,
English_US,Понятно. Я продолжу.,
Description,From [0062-Choice],
French,Compris. Je reprends.,
Italian,Capito. Continuerò così.,
German,Verstehe. Ich fahre fort.,
Spanish_Spain,De acuerdo. Continuaré.,
Spanish_LATAM,De acuerdo. Continuaré.,
Korean,알겠습니다. 계속할게요.,
Russian,Understood. I will continue.,
Japanese,なるほど、では続けます。,
Portuguese_Brazil,Entendi. Vou continuar.,
Chinese_Simplified,明白。我继续讲。,
Chinese_Traditional,懂了。我會繼續。,
Polish,,
Turkish,,
Swedish,,
Thai,,
Arabic,,
Key,Business1_RAW-0066-Jerry,
English_US,Что такое конфликт на рабочем месте и откуда он берется?,
Description,,
French,Qu'est-ce que le conflit sur le lieu de travail et d'où vient-il ?,
Italian,Cos’è il conflitto sul posto di lavoro e da dove scaturisce?,
German,"Was sind Konflikte am Arbeitsplatz, und woher kommen sie?",
Spanish_Spain,¿Qué es el conflicto en el lugar de trabajo y de dónde procede?,
Spanish_LATAM,¿Qué es el conflicto en el lugar de trabajo y de dónde procede?,
Korean,"직장 내 갈등이란 무엇이며, 그 원인은 어디 있을까요?",
Russian,"What is conflict in the workplace, and where does it come from?",
Japanese,職場におけるモメ事とはどういうものか、そして原因は何なのか？,
Portuguese_Brazil,O que é o conflito no ambiente de trabalho e de onde ele surge?,
Chinese_Simplified,什么是职场冲突，这样的冲突又是如何产生的？,
Chinese_Traditional,職場衝突是什麼，又是如何產生的呢？,
Polish,,
Turkish,,
Swedish,,
Thai,,
Arabic,,
Key,Business1_RAW-0067-Jerry,
English_US,"Существует три основных источника конфликта на рабочем месте: мусор, обида и кукурузные продукты.",
Description,"""Corn product"" means anything made out of corn",
French,"Il y a trois sources principales de conflit sur le lieu de travail : les déchets, le ressentiment et les dérivés du maïs.",
Italian,"Esistono tre fonti principali di conflitto sul posto di lavoro: rifiuti, risentimento e prodotti a base di mais.",
German,"Es sind drei Hauptgründe für Konflikte am Arbeitsplatz auszumachen: Abfälle, Feindseligkeit und Maisprodukte.",
Spanish_Spain,"Hay tres fuentes principales de conflicto en el lugar de trabajo: la basura, el resentimiento y los productos de maíz.",
Spanish_LATAM,"Hay tres fuentes principales de conflicto en el lugar de trabajo: la basura, el resentimiento y los productos de maíz.",
Korean,"직장 내 갈등의 주요 원인은 세 가지입니다. 쓰레기, 분한 마음, 그리고 옥수수 제품이지요.",
Russian,"There are three primary sources of conflict in the workplace: litter, resentment, and corn product.",
Japanese,職場におけるモメ事の主な原因は3つ。ゴミ、恨み、そしてトウモロコシ製品です。,
Portuguese_Brazil,"Há três origens principais para o conflito no ambiente de trabalho: lixo, ressentimento e produto de milho.",
Chinese_Simplified,职场冲突主要来源有三：乱扔垃圾、心怀怨念和玉米制品。,
Chinese_Traditional,職場衝突有三項主要來源：亂丟垃圾、憤恨，以及玉米製品。,
Polish,,
Turkish,,
Swedish,,
Thai,,
Arabic,,
Key,Business1_RAW-0068-Jerry,
English_US,"Из этих трех ""мусор"" - единственный, над которым у нас есть какой-либо реальный контроль.",
Description,,
French,"Parmi ces trois sources, les déchets sont la seule sur laquelle nous pouvons réellement exercer un contrôle.",
Italian,"Di queste tre fonti, i ""rifiuti"" sono l’unica fonte su cui possiamo effettivamente esercitare un controllo.",
German,Von diesen dreien haben wir nur auf „Abfälle“ wirklichen Einfluss.,
Spanish_Spain,"De estos tres, la ""basura"" es el único sobre el que tenemos control real.",
Spanish_LATAM,"De estos tres, la «basura» es el único sobre el que tenemos control real.",
Korean,이 셋 중에서 우리가 실제로 통제할 수 있는 건 '쓰레기'뿐입니다.,
Russian,"Of these three, ""litter"" is the only one over which we have any real control.",
Japanese,この3つ原因の中で、我々がまともに制御できるのは“ゴミ”だけです。,
Portuguese_Brazil,"Desses três, o ""lixo"" é o único sobre o qual temos um controle verdadeiro.",
Chinese_Simplified,三者中，我们唯一能真正加以控制的是“乱扔垃圾”。,
Chinese_Traditional,這三樣裡面，只有「亂丟垃圾」是我們真的能去控制的。,
Polish,,
Turkish,,
Swedish,,
Thai,,
Arabic,,
Key,Business1_RAW-0069-Jerry,
English_US,"Поэтому помните, что мусорить на столах ваших коллег следует только тогда, когда это абсолютно необходимо.",
Description,,
French,"Par conséquent, vous ne devez laisser traîner des déchets sur le bureau d'un collègue que lorsque c'est absolument nécessaire.",
Italian,Ricordatevi quindi di gettare rifiuti sulle scrivanie dei vostri colleghi solo quando è assolutamente necessario.,
German,"Denken Sie darum daran, die Schreibtische der Kollegen nur in dringenden Fällen zu vermüllen.",
Spanish_Spain,"Por lo tanto, recuerda tirar basura en los escritorios de tus compañeros de trabajo solo cuando sea absolutamente necesario.",
Spanish_LATAM,"Por lo tanto, recuerda tirar basura en los escritorios de tus compañeros de trabajo solo cuando sea absolutamente necesario.",
Korean,따라서 동료의 책상에 쓰레기를 버리는 건 꼭 필요할 때만 하시기를 바랍니다.,
Russian,"Therefore, remember to litter on your co-workers' desks only when absolutely necessary.",
Japanese,ついては、同僚のデスクにゴミを捨てるのは、どうしても必要な場合だけにしましょう。,
Portuguese_Brazil,"Portanto, lembrem-se de jogar lixo nas mesas de seus colegas apenas quando for absolutamente necessário.",
Chinese_Simplified,因此请牢记一点，如非绝对必要，否则不要往同事的办公桌上扔垃圾。,
Chinese_Traditional,所以，請記得，不到萬不得已，不要亂丟垃圾在同事的桌上。,
Polish,,
Turkish,,
Swedish,,
Thai,,
Arabic,,
Key,Business1_RAW-0070-Jerry,
English_US,"Когда возникает конфликт, всем сотрудникам рекомендуется документировать его в своем ""Журнале Конфликтов"".",
Description,,
French,"Quand survient le conflit, tous les employés doivent le mentionner dans leur ""journal de conflit"".",
Italian,"Quando nasce un conflitto, tutti i dipendenti sono incoraggiati a documentarlo nel loro ""Diario dei Conflitti"".",
German,Beim Aufkommen von Konflikten sollten Mitarbeiter diese in ihrem „Konflikttagebuch“ festhalten.,
Spanish_Spain,"Cuando surge un conflicto, se anima a todos los empleados a documentarlo en su ""Diario de conflictos"".",
Spanish_LATAM,"Cuando surge un conflicto, los empleados pueden documentarlo en su «diario de conflictos».",
Korean,갈등 발생 시 모든 직원은 '갈등 일지'에 기록하여 문서로 남기기를 권장합니다.,
Russian,"When conflict arises, all employees are encouraged to document it in their ""Conflict Journal.""",
Japanese,モメ事が起きたときは、全社員がその内容を“モメ事日誌”に記しておくことが推奨されます。,
Portuguese_Brazil,"Quando o conflito surgir, todos os funcionários devem documentá-lo em seu ""Diário de Conflitos"".",
Chinese_Simplified,若发生冲突，鼓励所有员工将冲突写在“冲突日志”中。,
Chinese_Traditional,衝突發生後，所有員工最好將其紀錄在他們的「衝突日誌」中。,
Polish,,
Turkish,,
Swedish,,
Thai,,
Arabic,,
Key,Business1_RAW-0071-Jerry,
English_US,"Не забудьте записать имена, даты и конкретные ругательства, использованные в конфликте.",
Description,,
French,"N'oubliez pas de noter les noms, les dates et les injures spécifiques utilisées dans le conflit.",
Italian,"Bisogna ricordarsi di registrare nomi, date e parolacce specifiche usate nel conflitto.",
German,"Zeichnen Sie dabei immer Namen, Daten und alle benutzten Schimpfwörter auf.",
Spanish_Spain,"Recuerda registrar nombres, fechas y tacos específicos utilizados en el conflicto.",
Spanish_LATAM,"Recuerda registrar nombres, fechas y palabrotas específicas utilizadas en el conflicto.",
Korean,"이름, 날짜, 그리고 갈등 상황에서 사용된 구체적 욕설을 기록해 두세요.",
Russian,"Remember to record names, dates, and specific swear words used in the conflict.",
Japanese,氏名、日時、そして両者が吐いた悪態を具体的に記録するようにしましょう。,
Portuguese_Brazil,"Lembrem-se de registrar os nomes, as datas e os xingamentos específicos usados no conflito.",
Chinese_Simplified,务必写下冲突参与者姓名、发生日期以及具体使用了哪些脏话。,
Chinese_Traditional,記得要紀錄姓名、日期，以及衝突中具體講出的髒話。,
Polish,,
Turkish,,
Swedish,,
Thai,,
Arabic,,
Key,Business1_RAW-0072-Jerry,
English_US,"Помните, что приукрашивать детали конфликта следует ТОЛЬКО в тех местах, где это делает конфликт более занимательным.",
Description,,
French,Pensez à ajouter des détails croustillants UNIQUEMENT lorsque cela rend le conflit plus divertissant.,
Italian,Bisogna considerare di aggiungere dettagli interessanti SOLO quando rendono il conflitto più divertente.,
German,"Schmücken Sie Details des Konflikts NUR aus, wenn das den Konflikt unterhaltsamer macht.",
Spanish_Spain,Recuerda embellecer los detalles del conflicto solo en lugares donde lo haga más entretenido.,
Spanish_LATAM,Recuerda adornar los detalles del conflicto solo en las partes que lo haga más entretenido.,
Korean,갈등을 좀 더 재밌게 만들 수 있는 대목에서만 세부 사항을 꾸며 적을 수 있다는 사실도 잊지 마세요.,
Russian,Remember to embellish details of the conflict ONLY in places where it makes the conflict more entertaining.,
Japanese,モメ事の詳細についてあれこれ尾ひれをつけるのは、話を盛ることでモメ事がより面白くなる場合のみにしましょう。,
Portuguese_Brazil,Lembrem-se de florear os detalhes do conflito APENAS em pontos que tornem o conflito mais divertido.,
Chinese_Simplified,务必仅在使冲突更有热闹可看时为其细节添油加醋。,
Chinese_Traditional,記得，唯有在讓衝突更具娛樂性的狀況下，才要補充衝突的細節。,
Polish,,
Turkish,,
Swedish,,
Thai,,
Arabic,,
Key,Business1_RAW-0073-Jerry,
English_US,В это время у нас будет короткий перерыв на аплодисменты.,
Description,,
French,C'est là que je ferai une pause pour les applaudissements.,
Italian,A questo punto faremo una breve pausa per gli applausi.,
German,Hier machen wir eine kurze Applauspause.,
Spanish_Spain,En este momento tendremos una breve pausa para los aplausos.,
Spanish_LATAM,En este momento tendremos una breve pausa para los aplausos.,
Korean,여기서 잠시 박수를 치겠습니다.,
Russian,At this time we will have a brief applause break.,
Japanese,ここで少しだけ拍手タイムを取ります。,
Portuguese_Brazil,Nesse momento faremos uma breve pausa para aplausos.,
Chinese_Simplified,现在暂停，方便大家鼓掌。,
Chinese_Traditional,現在，我們休息一下，順便讓大家鼓掌。,
Polish,,
Turkish,,
Swedish,,
Thai,,
Arabic,,
Key,Business1_RAW-0074-Jerry,
English_US,...,
Description,,
French,…,
Italian,...,
German,…,
Spanish_Spain,...,
Spanish_LATAM,...,
Korean,...,
Russian,...,
Japanese,……,
Portuguese_Brazil,...,
Chinese_Simplified,……,
Chinese_Traditional,……,
Polish,,
Turkish,,
Swedish,,
Thai,,
Arabic,,
Key,Business1_RAW-0075-Jerry,
English_US,...,
Description,,
French,…,
Italian,...,
German,…,
Spanish_Spain,...,
Spanish_LATAM,...,
Korean,...,
Russian,...,
Japanese,……,
Portuguese_Brazil,...,
Chinese_Simplified,……,
Chinese_Traditional,……,
Polish,,
Turkish,,
Swedish,,
Thai,,
Arabic,,
Key,Business1_RAW-0076-Jerry,
English_US,...достаточно ли длинная пауза?,
Description,,
French,… c'est assez long comme pause ?,
Italian,… è una pausa abbastanza lunga?,
German,…Ist das lang genug für Applaus?,
Spanish_Spain,¿La pausa es lo bastante larga?,
Spanish_LATAM,¿La pausa es lo bastante larga?,
Korean,...이 정도 기다리면 될까요?,
Russian,...is that a long enough pause?,
Japanese,…このくらいで十分ですか？,
Portuguese_Brazil,Essa é uma pausa longa o suficiente?,
Chinese_Simplified,……暂停的时间够长吗？,
Chinese_Traditional,……停頓得夠久嗎？,
Polish,,
Turkish,,
Swedish,,
Thai,,
Arabic,,
Key,Business1_RAW-0077-Choice,
English_US,Немного подольше.,
Description,,
French,Fais-là un peu plus longue.,
Italian,Un poco di più.,
German,Noch ein bisschen.,
Spanish_Spain,Un ratito más.,
Spanish_LATAM,Un ratito más.,
Korean,조금 더 기다리세요.,
Russian,Little bit longer.,
Japanese,もう少し長く。,
Portuguese_Brazil,Um pouco mais longa.,
Chinese_Simplified,再长一点吧。,
Chinese_Traditional,再久一點。,
Polish,,
Turkish,,
Swedish,,
Thai,,
Arabic,,
Key,Business1_RAW-0078-Choice,
English_US,Отлично.,
Description,,
French,C'est super.,
Italian,Va benissimo così.,
German,Das ist super.,
Spanish_Spain,Fenomenal.,
Spanish_LATAM,Es perfecta.,
Korean,딱 좋아요.,
Russian,That's great.,
Japanese,バッチリだ。,
Portuguese_Brazil,Tá ótimo.,
Chinese_Simplified,正好。,
Chinese_Traditional,非常好。,
Polish,,
Turkish,,
Swedish,,
Thai,,
Arabic,,
Key,Business1_RAW-0079-Jerry,
English_US,...,
Description,From [0077-Choice],
French,…,
Italian,...,
German,…,
Spanish_Spain,...,
Spanish_LATAM,...,
Korean,...,
Russian,...,
Japanese,……,
Portuguese_Brazil,...,
Chinese_Simplified,……,
Chinese_Traditional,……,
Polish,,
Turkish,,
Swedish,,
Thai,,
Arabic,,
Key,Business1_RAW-0080-Jerry,
English_US,Спасибо. Теперь мы продолжим.,
Description,From [0078-Choice],
French,Merci. Reprenons.,
Italian,Grazie. Ora riprenderemo.,
German,Danke. Fahren wir nun fort.,
Spanish_Spain,Gracias. Ahora continuaremos.,
Spanish_LATAM,Gracias. Ahora continuaremos.,
Korean,고마워요. 이제 계속하겠습니다.,
Russian,Thank you. We will now resume.,
Japanese,ありがとう。では続けましょう。,
Portuguese_Brazil,Agradeço. Agora vamos continuar.,
Chinese_Simplified,多谢。我们接着往下讲。,
Chinese_Traditional,謝謝你。我們繼續。,
Polish,,
Turkish,,
Swedish,,
Thai,,
Arabic,,
Key,Business1_RAW-0081-Jerry,
English_US,Сейчас мы сделаем паузу для шутки:,
Description,,
French,C'est là que je ferai une pause pour une blague :,
Italian,A questo punto interromperò la presentazione per fare una battuta:,
German,Hier machen wir eine Pause für einen Witz:,
Spanish_Spain,En este momento haremos una pausa para contar un chiste:,
Spanish_LATAM,En este momento haremos una pausa para contar un chiste:,
Korean,여기서는 잠시 농담을 하겠습니다.,
Russian,At this time we will pause for a joke:,
Japanese,今度はジョークタイムを取ります。,
Portuguese_Brazil,Nesse momento faremos uma pausa para uma piada:,
Chinese_Simplified,现在暂停，讲个笑话：,
Chinese_Traditional,現在，我們停頓一下，講個小話：,
Polish,,
Turkish,,
Swedish,,
Thai,,
Arabic,,
Key,Business1_RAW-0082-Jerry,
English_US,"Почему подводной лодке не нужно отдыхать? Потому что она ""не устала"".",
Description,"This ""joke"" is dependent on the dual meanings of the english word ""tire."" However since I'm guessing this wordplay does not translate to other languages, I'll write a similarly bad joke that should hopefully not be dependent on any wordplay. Line 1: ""Why couldn't the submarine swim? Because it didn't have arms.""",
French,Pourquoi le sous-marin ne pouvait pas nager ? Parce qu'il n'avait pas de bras.,
Italian,Perché il sottomarino non poteva nuotare? Perché non aveva le braccia.,
German,An welchem Tag gehen U-Boote unter? Am Tag der Offenen Tür.,
Spanish_Spain,¿Por qué no sabía nadar el submarino? Porque no tenía brazos.,
Spanish_LATAM,"Caperucita Roja caminaba por el bosque, cayó la noche... y la aplastó.",
Korean,잠수함은 왜 수영할 수 없었을까요? 팔이 없었기 때문입니다.,
Russian,"Why didn't the submarine need to rest? Because it was ""not tired.""",
Japanese,どうして潜水艦は社長になれないのか？ サブだから。,
Portuguese_Brazil,"Sabe o que aconteceu com o lápis quando soube que o papel acabou? Ficou ""desapontado"".",
Chinese_Simplified,为什么一艘能载十人的潜艇，在第十人上去后就沉没了？因为它是“潜艇”。,
Chinese_Traditional,為什麼潛水艇不需要休息？因為潛水艇不需要「輪」班。,
Polish,,
Turkish,,
Swedish,,
Thai,,
Arabic,,
Key,Business1_RAW-0083-Jerry,
English_US,"Суть этой шутки в том, что у некоторых транспортных средств есть шины. Однако у подводной лодки их нет.",
Description,"Line 2: ""The nature of this joke is that a submarine is in fact a vehicle perfectly capable of subaqueous movement.""",
French,Cette blague s'explique par le fait qu'un sous-marin est un véhicule qui est en réalité parfaitement capable de déplacement subaquatique.,
Italian,Il significato di questa battuta è che in realtà un sottomarino è un veicolo perfettamente capace di movimento subacqueo.,
German,"Der Sinn des Witzes ist, dass viele Institutionen Besuchstage „der offenen Tür“ anbieten. Ein U-Boot muss allerdings geschlossen bleiben.",
Spanish_Spain,"La naturaleza de este chiste es que un submarino es, de hecho, un vehículo perfectamente capaz de realizar movimientos subacuáticos.",
Spanish_LATAM,La naturaleza de este chiste es que «caer la noche» es una expresión que indica que empieza a faltar la luz del día.,
Korean,이 농담의 본질은 사실 잠수함이 완벽한 수중 이동 수단이라는 점에 있습니다. 그런데도 수영할 수 없다고 한 거죠.,
Russian,"The nature of this joke is that certain vehicles have tires. However, a submarine is not one.",
Japanese,このジョークのオチを解説しますと、潜水艦は英語で言うとサブマリンになります。,
Portuguese_Brazil,"A natureza dessa piada é que podemos ficar desapontados com algo. Mas lápis, não.",
Chinese_Simplified,这里的笑点是，一般能载十人的船只，载上十人是不会沉没的。但潜艇除外。,
Chinese_Traditional,這笑話的笑點在於，有些交通工具有輪子。但潛水艇沒有。,
Polish,,
Turkish,,
Swedish,,
Thai,,
Arabic,,
Key,Business1_RAW-0084-Jerry,
English_US,"""Устала"" в этом смысле может относиться как к уровню энергии подводной лодки, ТАК И к количеству шин, которые у нее есть.",
Description,"Line 3: ""For a human being, to not have arms would be an impediment to one's swimming ability.""",
French,"Pour un être humain, le manque de bras viendrait grandement entraver l'aptitude à la nage.",
Italian,"Per un essere umano, non avere le braccia sarebbe un ostacolo alla capacità di nuotare.",
German,"Wenn nun also U-Boote Besucher zu einem Tag der „offenen Tür“ einladen, gefährden sie ihre Wasserdichtigkeit.",
Spanish_Spain,"Para un ser humano, no tener brazos sería un impedimento para su capacidad de nadar.",
Spanish_LATAM,Esta expresión busca jugar con la acepción de la palabra «caer» que se refiere a que un cuerpo se mueve de arriba abajo por la acción de su propio peso.,
Korean,인간에게 팔이 없다면 수영 능력에 엄청난 장애가 될 것입니다.,
Russian,"""Tired"" in this sense can refer to both the submarine's energy level OR the number of tires it has.",
Japanese,このサブマリンという名前と、“下位”の意味を表すサブをかけているわけですね。,
Portuguese_Brazil,"""Desapontado"" nesse sentido se refere tanto ao lápis ter ficado sem ponta QUANTO a ter ficado decepcionado.",
Chinese_Simplified,核载十人的船只满员后仍然能浮在水面上。,
Chinese_Traditional,「輪」在這裡是雙關，既指排班方式，也指交通工具的輪子。,
Polish,,
Turkish,,
Swedish,,
Thai,,
Arabic,,
Key,Business1_RAW-0085-Jerry,
English_US,"На самом деле, подводная лодка - это подводное судно, которое использует балластные цистерны и реактивную тягу для обеспечения движения.",
Description,"Line 4: ""However, to make a similar claim of a submarine, which does not require arms to swim, would be absurd.""",
French,"Cependant, affirmer la même chose pour un sous-marin, qui n'a pas besoin de bras pour nager, serait absurde.",
Italian,"Tuttavia, sarebbe assurdo avanzare un’affermazione simile nei confronti di un sottomarino, che non necessita di braccia per nuotare.",
German,"Nimmt man die „offene Tür“ wörtlich, läuft das U-Boot voll Wasser und versinkt.",
Spanish_Spain,"Sin embargo, hacer una afirmación similar sobre un submarino, que no necesita brazos para nadar, sería absurdo.",
Spanish_LATAM,"Afirmar, entonces, que la noche pudiera caer del cielo sería absurdo.",
Korean,그러나 잠수함에 팔이 없다고 수영을 못 한다는 말은 터무니없습니다.,
Russian,"In fact, a submarine is a submersible watercraft which uses ballast tanks and jet propulsion to enable movement.",
Japanese,そもそも潜水艦は人ではありませんので、どんな名前だろうと社長にはなれません。,
Portuguese_Brazil,"Na verdade, um lápis é um instrumento munido de grafite utilizado para escrita, normalmente, em papel.",
Chinese_Simplified,但核载十人的潜艇满员后就应该下潜。,
Chinese_Traditional,事實上，潛水艇這種能夠潛入水中的船艦之所以能移動，仰賴的是壓載物艙和噴射推進。,
Polish,,
Turkish,,
Swedish,,
Thai,,
Arabic,,
Key,Business1_RAW-0086-Jerry,
English_US,"Таким образом, шины на подводной лодке были бы неуместны.",
Description,"Line 5: ""The absurdity of the statement is the source of the humor.""",
French,C'est l'absurdité de cette affirmation qui constitue la source de ce trait d'humour.,
Italian,L'assurdità dell'affermazione è la fonte dell'umorismo.,
German,Darum gehen an einem solchen Tag U-Boote unter.,
Spanish_Spain,Lo absurdo de la afirmación es la fuente del humor.,
Spanish_LATAM,"De hecho, sería imposible que la noche aplaste a una persona.",
Korean,바로 이 터무니없음이야말로 유머의 원천입니다.,
Russian,"Therefore, tires on a submarine would be irrelevant.",
Japanese,その不条理が、ユーモアを生むというわけです。,
Portuguese_Brazil,"Portanto, um lápis não poderia ficar decepcionado.",
Chinese_Simplified,因此我们的潜艇沉没了。,
Chinese_Traditional,因此，輪子對潛水艇來說一點用也沒有。,
Polish,,
Turkish,,
Swedish,,
Thai,,
Arabic,,
Key,Business1_RAW-0087-Jerry,
English_US,Это завершает шутку. Теперь мы продолжим презентацию.,
Description,,
French,Ceci vient conclure notre blague. Nous allons maintenant reprendre la présentation.,
Italian,E con questa spiegazione possiamo concludere la battura. Riprendiamo ora la presentazione.,
German,Damit ist der Witz abgeschlossen. Ich fahre nun mit der Präsentation fort.,
Spanish_Spain,Así termina el chiste. Ahora reanudaremos la presentación.,
Spanish_LATAM,Así termina el chiste. Ahora reanudaremos la presentación.,
Korean,농담은 여기까지입니다. 이제 프레젠테이션을 계속할게요.,
Russian,This concludes the joke. We will now resume the presentation.,
Japanese,これでジョークは終わり。では、プレゼンを続けましょう。,
Portuguese_Brazil,Concluímos assim a piada. Continuaremos agora com a apresentação.,
Chinese_Simplified,玩笑到此为止。让我们回到演讲。,
Chinese_Traditional,笑話講完了。我們繼續報告。,
Polish,,
Turkish,,
Swedish,,
Thai,,
Arabic,,
Key,Business1_RAW-0088-Jerry,
English_US,"После заполнения записи в Журнале Конфликтов не забудьте сообщить своему Менеджеру Конфликтов, что вы это сделали.",
Description,,
French,"Après avoir saisi une information dans votre journal de conflit, pensez à prévenir votre gestionnaire de conflit.",
Italian,"Dopo aver inserito un commento nel Diario dei Conflitti, ricordarsi di informare il Mediatore dei Conflitti.",
German,"Nach dem Erstellen eines Eintrags im Konflikttagebuch, informieren Sie unbedingt Ihren Konfliktmanager darüber.",
Spanish_Spain,"Después de completar una entrada en el diario de conflictos, recuerda informar a tu responsable de conflictos.",
Spanish_LATAM,"Después de completar una entrada en el diario de conflictos, recuerda informar sobre esto a tu responsable de conflictos.",
Korean,갈등 일지에 항목을 작성한 후에는 반드시 갈등 담당자에게 이 사실을 알려야 합니다.,
Russian,"After filling an entry in the Conflict Journal, remember to inform your Conflict Manager that you have done so.",
Japanese,モメ事日誌を書いた後は、モメ事管理者にその旨を伝えるのを忘れずに。,
Portuguese_Brazil,"Depois de preencher um item no Diário de Conflitos, lembrem-se de informar ao seu Gerente de Conflitos.",
Chinese_Simplified,写下冲突日志后，请记得通知您的冲突经理记录工作已处理完毕。,
Chinese_Traditional,填寫完「衝突日誌」後，別忘了告訴衝突主管自己寫好了。,
Polish,,
Turkish,,
Swedish,,
Thai,,
Arabic,,
Key,Business1_RAW-0089-Jerry,
English_US,"Однако, НЕ обсуждайте подробности конфликта с вашим Менеджером Конфликтов.",
Description,,
French,"Cependant, ne discutez pas des détails du conflit avec votre gestionnaire de conflit.",
Italian,"Tuttavia, NON si possono svelare i dettagli del conflitto al proprio Mediatore dei Conflitti.",
German,Besprechen Sie aber NICHT die Details des Konflikts mit Ihrem Konfliktmanager.,
Spanish_Spain,"Sin embargo, no hables sobre los detalles del conflicto con tu responsable de conflictos.",
Spanish_LATAM,"Sin embargo, no hables sobre los detalles del conflicto con tu responsable de conflictos.",
Korean,하지만 갈등 관리자와 갈등의 구체적인 내용을 논의하면 절대 안 됩니다.,
Russian,"However, do NOT discuss the specifics of the conflict with your Conflict Manager.",
Japanese,ですが、モメ事の具体的な内容をモメ事管理者に話すのは絶対に禁止です。,
Portuguese_Brazil,"Porém, NÃO discuta detalhes do conflito com o Gerente de Conflitos.",
Chinese_Simplified,但请牢记，不要同你的冲突经理谈论冲突的细节。,
Chinese_Traditional,然而，請勿與衝突主管討論衝突的詳情。,
Polish,,
Turkish,,
Swedish,,
Thai,,
Arabic,,
Key,Business1_RAW-0090-Jerry,
English_US,"Если Менеджер Конфликтов просит рассказать о подробностях конфликта, вы должны отвечать только неопределенными хмыканьями и пожиманием плечами.",
Description,,
French,"Si votre gestionnaire de conflit vous demande de fournir des détails au sujet d'un conflit, vous devez vous contenter de hausser les épaules en grognant en guise de réponse.",
Italian,"Se il Mediatore dei Conflitti chiede dettagli sul conflitto, è possibile rispondere solo con grugniti e alzate di spalle.",
German,"Sollte der Konfliktmanager nach Details des Konflikts fragen, dürfen Sie nur mit vagen Knurrlauten und Schulterzucken antworten.",
Spanish_Spain,"Si el responsable de conflictos te pregunta detalles específicos del conflicto, debes responder solo con vagos gruñidos y encogiéndote de hombros.",
Spanish_LATAM,"Si el responsable de conflictos te pregunta detalles específicos del conflicto, debes responder solo con gruñidos displicentes y encogiéndote de hombros.",
Korean,갈등 관리자가 갈등의 구체적인 내용을 묻는다면 반드시 애매하게 앓는 소리를 내거나 어깨를 으쓱하는 것으로 대응하시길 바랍니다.,
Russian,"If the Conflict Manager asks for specifics of the conflict, you must reply only in vague grunts and shrugs.",
Japanese,モメ事管理者から具体的な内容を尋ねられたら、口ごもったり、肩をすくめたりして、ごまかさなくてはなりません。,
Portuguese_Brazil,"Se o Gerente de Conflitos pedir detalhes sobre o conflito, você deve responder apenas com grunhidos vagos e dar de ombros.",
Chinese_Simplified,如果冲突经理询问具体情况，您只许含糊其辞，用咕哝和耸肩的方式做出回应。,
Chinese_Traditional,若衝突主管向你詢問衝突的詳情，請務必僅回覆悶哼和聳肩。,
Polish,,
Turkish,,
Swedish,,
Thai,,
Arabic,,
Key,Business1_RAW-0091-Jerry,
English_US,"Менеджер Конфликтов может начать плакать и умолять вас поделиться подробностями конфликта, ползая на коленях.",
Description,,
French,"Le gestionnaire de conflit pourrait commencer à pleurer, en vous suppliant de lui fournir des détails sur le conflit, voire se mettre à ramper pour les obtenir.",
Italian,"Il Mediatore dei Conflitti potrebbe iniziare a piangere e implorare di condividere i dettagli del conflitto, prostrandosi in ginocchio.",
German,"Ihr Konfliktmanager beginnt nun vielleicht zu weinen und um Details des Konflikts zu betteln, oft auch auf Händen und Knien.",
Spanish_Spain,"El responsable de conflictos puede comenzar a llorar y rogarte que compartas detalles del conflicto, arrastrándose sobre las manos y las rodillas.",
Spanish_LATAM,"El responsable de conflictos puede comenzar a llorar y rogarte que compartas detalles del conflicto, arrastrándose sobre las manos y las rodillas.",
Korean,갈등 관리자는 때로 울음을 터트리면서 갈등의 자세한 내용을 알려달라고 설설 기며 애원할 수도 있습니다.,
Russian,"The Conflict Manager may begin crying and begging you to share details of the conflict, groveling on hands and knees.",
Japanese,すると相手は「詳しい話を教えてくれ」と泣き落としにかかり、土下座までするかもしれません。,
Portuguese_Brazil,"O Gerente de Conflitos pode começar a chorar e implorar que você compartilhe os detalhes do conflito, rastejando pelo chão.",
Chinese_Simplified,冲突经理可能会痛哭流涕、卑躬屈膝地求你说出冲突细节。,
Chinese_Traditional,衝突主管可能會就地跪下，哭著求你告知衝突詳情。,
Polish,,
Turkish,,
Swedish,,
Thai,,
Arabic,,
Key,Business1_RAW-0092-Jerry,
English_US,"Менеджер Конфликтов может обещать раскрыть свои собственные самые глубокие секреты, если только вы поделитесь деталями конфликта.",
Description,,
French,Le gestionnaire de conflit pourrait promettre de vous révéler ses plus grands secrets à condition que vous acceptiez de lui confier des détails sur le conflit.,
Italian,"Il Mediatore dei Conflitti potrebbe promettere di rivelare i suoi segreti più profondi, in cambio dei particolari sul conflitto.",
German,"Ihr Konfliktmanager bietet vielleicht an, seine finstersten Geheimnisse mitzuteilen, wenn Sie ihm nur die Konfliktdetails mitteilen.",
Spanish_Spain,El responsable de conflictos puede prometer revelar sus secretos más profundos si compartes los detalles del conflicto.,
Spanish_LATAM,El responsable de conflictos puede que te prometa revelar sus secretos más profundos si compartes los detalles del conflicto.,
Korean,갈등의 자세한 내용을 말해주기만 한다면 자신의 가장 은밀한 비밀을 털어놓겠다고 약속할 수도 있습니다.,
Russian,"The Conflict Manager may promise to open up about their own deepest secrets, if only you share the conflict details.",
Japanese,「詳しく話してくれるなら、ひた隠しにしてきた秘密を教えてもいい」などと言い出す可能性もあります。,
Portuguese_Brazil,"O Gerente de Conflitos pode prometer se abrir sobre seus mais profundos segredos, se você compartilhar os detalhes do conflito.",
Chinese_Simplified,冲突经理可能会承诺分享自己内心深处的秘密，只求您能够说出冲突细节。,
Chinese_Traditional,衝突主管可能會答應，只要你分享衝突詳情，就告訴你最深的祕密。,
Polish,,
Turkish,,
Swedish,,
Thai,,
Arabic,,
Key,Business1_RAW-0093-Jerry,
English_US,Менеджер Конфликтов может предложить вам двадцать долларов.,
Description,,
French,Le gestionnaire de conflit pourrait même vous offrir vingt dollars.,
Italian,Il Mediatore dei Conflitti potrebbe offrire fino a venti dollari.,
German,Der Konfliktmanager offeriert Ihnen vielleicht zwanzig Dollar.,
Spanish_Spain,El responsable de conflictos puede ofrecerte veinte dólares.,
Spanish_LATAM,El responsable de conflictos puede llegar a ofrecerte veinte dólares.,
Korean,갈등 관리자가 20달러를 주겠다고 제안할 수도 있습니다.,
Russian,The Conflict Manager may offer you twenty dollars.,
Japanese,なんなら「20ドル渡す」とまで言うかもしれない。,
Portuguese_Brazil,O Gerente de Conflitos pode te oferecer vinte dólares.,
Chinese_Simplified,冲突经理也可能会出 20 美元对您行贿。,
Chinese_Traditional,衝突主管可能會給你二十元。,
Polish,,
Turkish,,
Swedish,,
Thai,,
Arabic,,
Key,Business1_RAW-0094-Jerry,
English_US,"Во всех этих случаях вам разрешается ТОЛЬКО закатывать глаза и говорить: ""Просто, ну знаешь, не хочу"".",
Description,"""I don't wanna"" is slang for ""I don't want to""",
French,"Quels que soient les efforts qu'il déploie, vous n'êtes autorisé qu'à rouler de grands yeux en disant : ""C'est juste que… je ne sais pas, je ne veux pas.""",
Italian,"In tutti questi casi, è permesso SOLO di alzare gli occhi al cielo e dire: ""È solo che... non lo so, non voglio"".",
German,"In all diesen Fällen dürfen Sie NUR mit den Augen rollen und sagen „Es ist einfach so, ich weiß nicht, ich hab keine Lust“.",
Spanish_Spain,"En todos estos casos, solo se te permite poner los ojos en blanco y decir: ""Es que... no sé, no quiero"".",
Spanish_LATAM,"En todos estos casos, solo se te permite poner los ojos en blanco y decir: «Es que... No sé, no quiero».",
Korean,"이 모든 경우에 허용되는 반응은 관심 없다는 듯 눈을 치켜뜨면서 ""몰라요. 말 안 할래요""라고 대꾸하는 것뿐입니다.",
Russian,"In all of these cases, you are permitted ONLY to roll your eyes and say, ""It's just, I dunno, I don't wanna.""",
Japanese,どのケースだとしても、あなたに許されるのは、あきれ顔で「いやいや、どうかな。やめとくよ」と言うことだけです。,
Portuguese_Brazil,"Em todos esses casos, você poderá APENAS revirar os olhos e dizer: ""É só que, sei lá, não quero"".",
Chinese_Simplified,针对以上所有情况，仅限向对方翻白眼并回应：“反正我说不清，我不想说。”,
Chinese_Traditional,不論如何，你只能翻白眼，並說：「我不知道，我不想。」,
Polish,,
Turkish,,
Swedish,,
Thai,,
Arabic,,
Key,Business1_RAW-0095-Jerry,
English_US,"В качестве альтернативы, вы можете симулировать болезнь, чтобы покинуть комнату. НЕ смотрите Менеджеру Конфликтов в глаза.",
Description,,
French,Il est aussi possible de simuler un malaise pour qu'il quitte la pièce. Ne regardez jamais le gestionnaire de conflit dans les yeux.,
Italian,"In alternativa, si può fingere un malessere per uscire dalla stanza. NON bisogna mai guardare negli occhi il Mediatore dei Conflitti.",
German,"Alternativ können Sie auch eine Krankheit vortäuschen, um das Zimmer zu verlassen. Sehen Sie dem Konfliktmanager NICHT in die Augen.",
Spanish_Spain,"O si no, puedes fingir una enfermedad para salir de la sala. No mires al responsable de conflictos a los ojos.",
Spanish_LATAM,"Si no, puedes fingir una enfermedad para salir de la sala. No mires al responsable de conflictos a los ojos.",
Korean,아니면 꾀병을 부리면서 그 자리를 뜰 수도 있습니다. 갈등 관리자의 눈을 똑바로 보지 마세요.,
Russian,"Alternatively, you may fake a disease in order to leave the room. Do NOT look the Conflict Manager in the eyes.",
Japanese,あるいは、仮病を装って部屋を出る方法もあります。そのときは決してモメ事管理者の目を見ないのが肝心です。,
Portuguese_Brazil,"Alternativamente, você pode fingir ter uma doença para sair da sala. NÃO encare o Gerente de Conflitos nos olhos.",
Chinese_Simplified,或者，您也可以假装发病以离开房间。切勿直视冲突经理。,
Chinese_Traditional,你也可以佯裝生病，離開現場。切勿直視衝突主管的雙眼。,
Polish,,
Turkish,,
Swedish,,
Thai,,
Arabic,,
Key,Business1_RAW-0096-Jerry,
English_US,Вы можете принять двадцать долларов. Вы НЕ можете обсуждать детали конфликта.,
Description,,
French,Vous pouvez accepter les vingt dollars. Vous ne devez jamais discuter des détails du conflit.,
Italian,Si possono accettare i venti dollari. Ma NON si possono rivelare i particolari del conflitto.,
German,Die angebotenen zwanzig Dollar dürfen Sie annehmen. Besprechen Sie NICHT die Details des Konflikts.,
Spanish_Spain,Puedes aceptar los veinte dólares. No debes discutir los detalles del conflicto.,
Spanish_LATAM,Puedes aceptar los veinte dólares. No debes discutir los detalles del conflicto.,
Korean,20달러는 받아도 괜찮습니다. 그러나 갈등의 자세한 내용은 절대 논의하지 마세요.,
Russian,You may accept the twenty dollars. You may NOT discuss details of the conflict.,
Japanese,20ドルを受け取っても構いませんが、モメ事の詳細を話すことだけは禁止です。,
Portuguese_Brazil,Você pode aceitar os vinte dólares. Você NÃO pode discutir os detalhes do conflito.,
Chinese_Simplified,您也可以接受那 20 美元。但切勿谈论冲突的细节。,
Chinese_Traditional,你可以接受二十元。你不可以討論衝突詳情。,
Polish,,
Turkish,,
Swedish,,
Thai,,
Arabic,,
Key,Business1_RAW-0097-Jerry,
English_US,Ни при каких обстоятельствах вам не разрешается узнавать настоящее имя вашего Менеджера Конфликтов.,
Description,,
French,En aucune circonstance vous n'êtes autorisé à apprendre le vrai nom de votre gestionnaire de conflit.,
Italian,In nessun momento è consentito conoscere il vero nome del proprio Mediatore dei Conflitti.,
German,Zu keinem Zeitpunkt dürfen Sie den echten Namen Ihres Konfliktmanagers erfahren.,
Spanish_Spain,En ningún momento se te permitirá conocer el nombre real de tu responsable de conflictos.,
Spanish_LATAM,En ningún momento se te permitirá conocer el nombre real de tu responsable de conflictos.,
Korean,여러분은 어떤 경우에도 갈등 관리자의 실명을 알 수 없습니다.,
Russian,At no time are you permitted to learn your Conflict Manager's real name.,
Japanese,それから、モメ事管理者の本名を聞くことも絶対に許されません。,
Portuguese_Brazil,Em nenhum momento você tem permissão de saber o verdadeiro nome do Gerente de Conflitos.,
Chinese_Simplified,在任何情况下，均不得打探冲突经理的真实姓名。,
Chinese_Traditional,任何時候你都不可以得知衝突主管的真名。,
Polish,,
Turkish,,
Swedish,,
Thai,,
Arabic,,
Key,Business1_RAW-0098-Jerry,
English_US,Сейчас я сделаю паузу в презентации для аплодисментов.,
Description,,
French,Je vais maintenant faire une pause pour une salve d'applaudissements.,
Italian,A questo punto faremo una breve pausa per gli applausi.,
German,Ich pausiere nun die Präsentation für eine Runde Beifall.,
Spanish_Spain,Ahora haré una pausa en la presentación para recibir un aplauso.,
Spanish_LATAM,Ahora haré una pausa en la presentación para recibir un aplauso.,
Korean,이제 프레젠테이션을 잠시 멈추고 박수를 받겠습니다.,
Russian,I will now pause the presentation for a round of applause.,
Japanese,ここで拍手喝采を浴びるためにプレゼンを止めます。,
Portuguese_Brazil,Agora farei uma pausa na apresentação para uma salva de palmas.,
Chinese_Simplified,现在暂停，方便大家鼓掌。,
Chinese_Traditional,我現在要停頓一下，接受鼓掌。,
Polish,,
Turkish,,
Swedish,,
Thai,,
Arabic,,
Key,Business1_RAW-0099-Choice,
English_US,[аплодировать],
Description,,
French,[applaudissements],
Italian,[applausi],
German,[Applaudiere.],
Spanish_Spain,[aplaudir],
Spanish_LATAM,[Aplaudir],
Korean,[박수 치기],
Russian,[applaud],
Japanese,[拍手する],
Portuguese_Brazil,[aplaudir],
Chinese_Simplified,[鼓掌],
Chinese_Traditional,[鼓掌],
Polish,,
Turkish,,
Swedish,,
Thai,,
Arabic,,
Key,Business1_RAW-0100-Choice,
English_US,[не аплодировать],
Description,,
French,[pas d'applaudissement],
Italian,[nessun applauso],
German,[Applaudiere nicht.],
Spanish_Spain,[no aplaudir],
Spanish_LATAM,[No aplaudir],
Korean,[박수 치지 않기],
Russian,[don't applaud],
Japanese,[拍手しない],
Portuguese_Brazil,[não aplaudir],
Chinese_Simplified,[不鼓掌],
Chinese_Traditional,[不要鼓掌],
Polish,,
Turkish,,
Swedish,,
Thai,,
Arabic,,
Key,Business1_RAW-0101-Jerry,
English_US,Спасибо.,
Description,From [0099-Choice],
French,Merci.,
Italian,Grazie.,
German,Danke.,
Spanish_Spain,Gracias.,
Spanish_LATAM,Gracias.,
Korean,감사합니다.,
Russian,Thank you.,
Japanese,ありがとう。,
Portuguese_Brazil,Agradeço.,
Chinese_Simplified,多谢。,
Chinese_Traditional,謝謝你。,
Polish,,
Turkish,,
Swedish,,
Thai,,
Arabic,,
Key,Business1_RAW-0102-Jerry,
English_US,Сейчас мы сделаем паузу для шутки:,
Description,,
French,Nous allons maintenant faire une pause pour une blague.,
Italian,Adesso facciamo una pausa per una battuta:,
German,Wir machen hier eine Pause für einen Witz:,
Spanish_Spain,Ahora haremos una pausa para contar un chiste:,
Spanish_LATAM,Ahora haremos una pausa para contar un chiste:,
Korean,이번에는 농담을 하겠습니다.,
Russian,We will now pause for a joke:,
Japanese,では、ここでジョークタイムです。,
Portuguese_Brazil,Agora faremos uma pausa para uma piada:,
Chinese_Simplified,现在暂停，讲个笑话：,
Chinese_Traditional,我們現在停頓一下，講個笑話：,
Polish,,
Turkish,,
Swedish,,
Thai,,
Arabic,,
Key,Business1_RAW-0103-Jerry,
English_US,Сколько существует видов рыб? Одиннадцать.,
Description,,
French,Combien existe-t-il de types de poissons ? Onze.,
Italian,Quanti tipi di pesci esistono? Undici.,
German,Wie viele Sorten Fische gibt es? Elf.,
Spanish_Spain,¿Cuántas clases de peces hay? Once.,
Spanish_LATAM,¿Cuántas clases de peces hay? Once.,
Korean,물고기의 종류는 몇 가지일까요? 열한 가지입니다.,
Russian,How many kinds of fish are there? Eleven.,
Japanese,この世界には何種類の魚がいますか？ 答えは11です。,
Portuguese_Brazil,Quantos tipos de peixe existem? Onze.,
Chinese_Simplified,一共有多少种鱼？十一种。,
Chinese_Traditional,請問總共有幾種魚？十一種。,
Polish,,
Turkish,,
Swedish,,
Thai,,
Arabic,,
Key,Business1_RAW-0104-Jerry,
English_US,...,
Description,,
French,…,
Italian,...,
German,…,
Spanish_Spain,...,
Spanish_LATAM,...,
Korean,...,
Russian,...,
Japanese,…,
Portuguese_Brazil,...,
Chinese_Simplified,……,
Chinese_Traditional,……,
Polish,,
Turkish,,
Swedish,,
Thai,,
Arabic,,
Key,Business1_RAW-0105-Jerry,
English_US,"...извините, моя ошибка. Это было утверждение факта о рыбах, а не шутка.",
Description,,
French,"… excuse-moi, c'est une erreur. Il s'agissait d'un élément factuel sur les poissons et non d'une blague.",
Italian,"… chiedo scusa, errore mio. Questo era un dato di fatto sui pesci e non una battuta.",
German,"…Verzeihung, mein Fehler. Das war eine Tatsachenaussage über Fische, kein Witz.",
Spanish_Spain,"Perdona, fallo mío. Este era un dato sobre los peces y no un chiste.",
Spanish_LATAM,"Perdón, me equivoqué. Eso fue un dato sobre los peces y no un chiste.",
Korean,"...죄송합니다, 실수였네요. 이건 농담이 아니라 물고기에 대한 사실을 말한 거예요.",
Russian,"...excuse me, my mistake. This was a statement of fact about fish and not a joke.",
Japanese,…失礼、僕のミスです。今のはジョークではなく、魚に関する事実を述べただけでした。,
Portuguese_Brazil,"Desculpe, errei. Essa foi uma declaração factual sobre peixes e não uma piada.",
Chinese_Simplified,……抱歉，我的错。这句话是关于鱼的事实，而不是笑话。,
Chinese_Traditional,……抱歉，我的錯。這是關於魚的事實，不是笑話。,
Polish,,
Turkish,,
Swedish,,
Thai,,
Arabic,,
Key,Business1_RAW-0106-Jerry,
English_US,"Я исправлю эту ошибку, когда буду представлять презентацию совету директоров.",
Description,,
French,Je corrigerai cette erreur pour ne pas la refaire lors de ma présentation au comité directeur.,
Italian,Correggerò questo errore quando farò la mia presentazione al consiglio.,
German,"Ich werde diesen Fehler bereinigen, wenn ich dem Vorstand meine Präsentation vorstelle.",
Spanish_Spain,Corregiré este error cuando entregue mi presentación a la junta.,
Spanish_LATAM,Corregiré este error cuando entregue mi presentación a la junta.,
Korean,임원들 앞에서는 실수했던 부분을 고쳐서 발표하겠습니다.,
Russian,I will correct this mistake when I deliver my presentation to the board.,
Japanese,役員向けにプレゼンする際には、今の間違いは訂正するようにします。,
Portuguese_Brazil,Corrigirei esse erro quando fizer a apresentação à diretoria.,
Chinese_Simplified,面向董事会演讲时，我会纠正这个错误。,
Chinese_Traditional,在向董事會報告的時候，我會改掉這項錯誤。,
Polish,,
Turkish,,
Swedish,,
Thai,,
Arabic,,
Key,Business1_RAW-0107-Jerry,
English_US,"На этом презентация завершается. Спасибо, что позволили мне попрактиковаться. Я чувствую себя лучше подготовленным, чем раньше.",
Description,From [0100-Choice],
French,Ceci vient conclure cette présentation. Merci d'avoir accepté que je m'entraîne. Je me sens bien mieux préparé.,
Italian,E con questo concludo la presentazione. Grazie per avermi dato l'opportunità di esercitarmi. Mi sento più preparato di prima.,
German,"Damit ist meine Präsentation beendet. Danke, dass ich üben durfte. Ich fühle mich vorbereiteter als zuvor.",
Spanish_Spain,Con esto concluye la presentación. Gracias por dejarme practicar. Me noto más preparado que antes.,
Spanish_LATAM,Con esto concluye la presentación. Gracias por dejarme practicar. Me noto más preparado que antes.,
Korean,여기까지가 제 프레젠테이션입니다. 연습을 허락해 주셔서 고맙습니다. 전보다 훨씬 준비된 느낌이에요.,
Russian,This now concludes the presentation. Thank you for allowing me to practice. I feel more prepared than before.,
Japanese,では、これでプレゼンは終わりです。練習の相手をしてくれてありがとう。前より準備ができた気がします。,
Portuguese_Brazil,Concluímos assim a apresentação. Agradeço por me permitir praticar. Me sinto mais preparado que antes.,
Chinese_Simplified,演讲到此为止。感谢你让我练习。我感觉准备得更充分了。,
Chinese_Traditional,我的報告結束了。謝謝你讓我練習。我覺得自己準備得更加充足了。,
Polish,,
Turkish,,
Swedish,,
Thai,,
Arabic,,
Key,Business1_RAW-0108-Jerry,
English_US,В знак благодарности я хотел бы предложить вам эту фотографию моего собственного Менеджера Конфликтов.,
Description,,
French,"En guise de remerciement, je tiens à t'offrir cette photo de mon propre gestionnaire de conflit.",
Italian,"In segno di ringraziamento, vorrei offrirti in dono la foto del mio Mediatore dei Conflitti.",
German,Zum Dank möchte ich dir dieses Bild meines Konfliktmanagers anbieten.,
Spanish_Spain,"Como muestra de agradecimiento, me gustaría ofrecerte esta foto de mi propio responsable de conflictos.",
Spanish_LATAM,"Como muestra de agradecimiento, me gustaría ofrecerte esta foto de mi propio responsable de conflictos.",
Korean,감사의 표시로 제 갈등 관리자 사진을 드리겠습니다.,
Russian,"As a show of thanks, I would like to offer you this picture of my own Conflict Manager.",
Japanese,感謝のしるしに、僕のモメ事管理者の写真を差し上げましょう。,
Portuguese_Brazil,"Como demonstração de agradecimento, gostaria de oferecer a você esta foto do meu Gerente de Conflitos.",
Chinese_Simplified,作为感谢，请收下这张照片，上面的人正是我的冲突经理。,
Chinese_Traditional,作為感謝，請收下這張我的衝突主管的照片。,
Polish,,
Turkish,,
Swedish,,
Thai,,
Arabic,,
Key,Business1_RAW-0109-Choice,
English_US,Конечно.,
Description,,
French,Bien sûr.,
Italian,Ma certo.,
German,Klar.,
Spanish_Spain,Claro.,
Spanish_LATAM,Claro.,
Korean,좋아요.,
Russian,Sure.,
Japanese,もらおう。,
Portuguese_Brazil,Claro.,
Chinese_Simplified,好啊。,
Chinese_Traditional,好啊。,
Polish,,
Turkish,,
Swedish,,
Thai,,
Arabic,,
Key,Business1_RAW-0110-Choice,
English_US,"Нет, спасибо.",
Description,,
French,Non merci.,
Italian,No grazie.,
German,"Nein, danke.",
Spanish_Spain,"No, gracias.",
Spanish_LATAM,"No, gracias.",
Korean,괜찮아요.,
Russian,No thanks.,
Japanese,いや、結構だ。,
Portuguese_Brazil,"Não, obrigada.",
Chinese_Simplified,不用了，谢谢。,
Chinese_Traditional,不用了，謝謝。,
Polish,,
Turkish,,
Swedish,,
Thai,,
Arabic,,
Key,Business1_RAW-0111-Jerry,
English_US,"Надеюсь, ваш Менеджер Конфликтов так же доброжелателен, как и мой.",
Description,From [0109-Choice],
French,J'espère que ton gestionnaire de conflit est aussi bienveillant que le mien.,
Italian,Spero che il tuo Mediatore dei Conflitti sia premuroso quanto il mio.,
German,"Ich hoffe, dein Konfliktmanager ist so wohlmeinend wie meiner.",
Spanish_Spain,Espero que tu responsable de conflictos sea tan benévolo como el mío.,
Spanish_LATAM,Espero que tu responsable de conflictos sea tan benévolo como el mío.,
Korean,제 갈등 관리자만큼이나 자비로운 갈등 관리자와 함께하시길.,
Russian,I hope your Conflict Manager is as benevolent as my own.,
Japanese,あなたのモメ事管理者は、僕の担当者より情け深いといいですね。,
Portuguese_Brazil,Espero que o seu Gerente de Conflitos seja tão benevolente quanto o meu.,
Chinese_Simplified,希望你的冲突经理和我的一样和蔼可亲。,
Chinese_Traditional,我希望你的衝突主管跟我的一樣和善。,
Polish,,
Turkish,,
Swedish,,
Thai,,
Arabic,,
Key,Business1_RAW-0112-Jerry,
English_US,Хорошо.,
Description,From [0110-Choice],
French,OK.,
Italian,Va bene.,
German,Okay.,
Spanish_Spain,Vale.,
Spanish_LATAM,Bien.,
Korean,알았어요.,
Russian,Okay.,
Japanese,それでは。,
Portuguese_Brazil,Tá bem.,
Chinese_Simplified,好吧。,
Chinese_Traditional,好喔。,
Polish,,
Turkish,,
Swedish,,
Thai,,
Arabic,,
